"fixed.acidity";"volatile.acidity";"citric.acidity";"residual.sugar";"chlorides";"free.sulfur.dioxide";"total.sulfur.dioxide";"density";"pH";"sulphates";"alcohol";"quality";"paises"
8;0,3;0,63;1,6;0,081;16;29;0,99588;3,3;0,78;10,8;6;"France"
8,9;0,32;0,31;2;0,088;12;19;0,9957;3,17;0,55;10,4;6;"Chile"
12;0,5;0,59;1,4;0,073;23;42;0,998;2,92;0,68;10,5;7;"Spain"
6,8;0,57;0;2,5;0,072;32;64;0,99491;3,43;0,56;11,2;6;"Chile"
9,6;0,77;0,12;2,9;0,082;30;74;0,99865;3,3;0,64;10,4;6;"Chile"
7,6;0,95;0,03;2;0,09;7;20;0,9959;3,2;0,56;9,6;5;"France"
7,9;0,37;0,3;2,7;0,029;64;158;0,9916;3,12;0,59;12;7;"Argentina"
8;0,6;0,22;2,1;0,08;25;105;0,99613;3,3;0,49;9,9;5;"Chile"
8,8;0,31;0,4;2,8;0,109;7;16;0,99614;3,31;0,79;11,8;7;"Spain"
8;0,64;0,22;2,4;0,094;5;33;0,99612;3,37;0,58;11;5;"Spain"
12,8;0,3;0,74;2,6;0,095;9;28;0,9994;3,2;0,77;10,8;7;"Chile"
7,6;0,49;0,26;1,6;0,236;10;88;0,9968;3,11;0,8;9,3;5;"Chile"
10,3;0,5;0,42;2;0,069;21;51;0,9982;3,16;0,72;11,5;6;"France"
7,7;0,63;0,08;1,9;0,076;15;27;0,9967;3,32;0,54;9,5;6;"France"
7,5;0,6;0,03;1,8;0,095;25;99;0,995;3,35;0,54;10,1;5;"Spain"
5,5;0,485;0;1,5;0,065;8;103;0,994;3,63;0,4;9,7;4;"Argentina"
6,7;0,64;0,23;2,1;0,08;11;119;0,99538;3,36;0,7;10,9;5;"France"
7,1;0,71;0;1,9;0,08;14;35;0,9972;3,47;0,55;9,4;5;"Spain"
10;0,48;0,24;2,7;0,102;13;32;1;3,28;0,56;10;6;"France"
6,7;0,25;0,36;8,6;0,037;63;206;0,99553;3,18;0,5;9,6;5;"Argentina"
7,4;0,7;0;1,9;0,076;11;34;0,9978;3,51;0,56;9,4;5;"France"
8,2;0,44;0,24;2,3;0,063;10;28;0,99613;3,25;0,53;10,2;6;"Chile"
8,1;0,38;0,48;1,8;0,157;5;17;0,9976;3,3;1,05;9,4;5;"France"
6,8;0,19;0,58;14,2;0,038;51;164;0,9975;3,12;0,48;9,6;6;"Argentina"
9,9;0,63;0,24;2,4;0,077;6;33;0,9974;3,09;0,57;9,4;5;"Chile"
8,3;0,76;0,29;4,2;0,075;12;16;0,9965;3,45;0,68;11,5;6;"Spain"
10,6;0,34;0,49;3,2;0,078;20;78;0,9992;3,19;0,7;10;6;"France"
6,5;0,36;0,32;1,1;0,031;13;66;0,9916;3,1;0,46;10,6;5;"Argentina"
9,7;0,66;0,34;2,6;0,094;12;88;0,99796;3,26;0,66;10,1;5;"France"
5,5;0,12;0,33;1;0,038;23;131;0,99164;3,25;0,45;9,8;5;"Argentina"
5,7;0,6;0;1,4;0,063;11;18;0,99191;3,45;0,56;12,2;6;"Spain"
11,6;0,32;0,55;2,8;0,081;35;67;1,0002;3,32;0,92;10,8;7;"Chile"
6,4;0,795;0;2,2;0,065;28;52;0,99378;3,49;0,52;11,6;5;"Chile"
11,6;0,58;0,66;2,2;0,074;10;47;1,0008;3,25;0,57;9;3;"France"
11,5;0,59;0,59;2,6;0,087;13;49;0,9988;3,18;0,65;11;6;"Spain"
9;0,43;0,34;2,5;0,08;26;86;0,9987;3,38;0,62;9,5;6;"France"
8,2;0,43;0,29;1,6;0,081;27;45;0,99603;3,25;0,54;10,3;5;"Chile"
8,2;0,56;0,23;3,4;0,078;14;104;0,9976;3,28;0,62;9,4;5;"France"
7;0,5;0,14;1,8;0,078;10;23;0,99636;3,53;0,61;10,4;5;"France"
8;0,58;0,28;3,2;0,066;21;114;0,9973;3,22;0,54;9,4;6;"Chile"
12,8;0,84;0,63;2,4;0,088;13;35;0,9997;3,1;0,6;10,4;6;"France"
9,8;0,16;0,46;1,8;0,046;23;130;0,99587;3,04;0,67;9,6;5;"Argentina"
7,8;0,61;0,29;1,6;0,114;9;29;0,9974;3,26;1,56;9,1;5;"Spain"
7,3;0,305;0,39;1,2;0,059;7;11;0,99331;3,29;0,52;11,5;6;"Spain"
7,3;0,66;0;2;0,084;6;23;0,9983;3,61;0,96;9,9;6;"France"
10,2;0,44;0,42;2;0,071;7;20;0,99566;3,14;0,79;11,1;7;"France"
9,5;0,55;0,66;2,3;0,387;12;37;0,9982;3,17;0,67;9,6;5;"Chile"
6,1;0,36;0,27;2,1;0,035;16;100;0,9917;3,4;0,71;11,5;7;"Argentina"
11,6;0,23;0,57;1,8;0,074;3;8;0,9981;3,14;0,7;9,9;6;"Spain"
7,6;0,37;0,34;3,2;0,028;42;162;0,9903;3,01;0,33;12,4;6;"Argentina"
10,6;0,36;0,59;2,2;0,152;6;18;0,9986;3,04;1,05;9,4;5;"Spain"
7,2;0,65;0,02;2,3;0,094;5;31;0,9993;3,67;0,8;9,7;5;"Chile"
12,3;0,5;0,49;2,2;0,089;5;14;1,0002;3,19;0,44;9,6;5;"Spain"
8,1;0,36;0,59;13,6;0,051;60;134;0,99886;2,96;0,39;8,7;5;"Argentina"
9;0,62;0,04;1,9;0,146;27;90;0,9984;3,16;0,7;9,4;5;"Chile"
13,4;0,27;0,62;2,6;0,082;6;21;1,0002;3,16;0,67;9,7;6;"Spain"
6,5;0,46;0,14;2,4;0,114;9;37;0,99732;3,66;0,65;9,8;5;"Chile"
8,7;0,82;0,02;1,2;0,07;36;48;0,9952;3,2;0,58;9,8;5;"France"
5,5;0,18;0,22;5,5;0,037;10;86;0,99156;3,46;0,44;12,2;5;"Argentina"
7,6;0,55;0,21;2,2;0,071;7;28;0,9964;3,28;0,55;9,7;5;"Spain"
6,2;0,46;0,29;2,1;0,074;32;98;0,99578;3,33;0,62;9,8;5;"France"
7,5;0,305;0,38;1,4;0,047;30;95;0,99158;3,22;0,52;11,5;7;"Argentina"
9,2;0,53;0,24;2,6;0,078;28;139;0,99788;3,21;0,57;9,5;5;"France"
7,3;0,25;0,36;2,1;0,034;30;177;0,99085;3,25;0,4;11,9;8;"Argentina"
11,5;0,315;0,54;2,1;0,084;5;15;0,9987;2,98;0,7;9,2;6;"France"
10,3;0,27;0,56;1,4;0,047;3;8;0,99471;3,16;0,51;11,8;6;"Chile"
8,1;0,27;0,35;1,7;0,03;38;103;0,99255;3,22;0,63;10,4;8;"Argentina"
6,1;0,32;0,25;2,3;0,071;23;58;0,99633;3,42;0,97;10,6;5;"France"
11,1;0,42;0,47;2,65;0,085;9;34;0,99736;3,24;0,77;12,1;7;"Spain"
7,8;0,53;0,04;1,7;0,076;17;31;0,9964;3,33;0,56;10;6;"France"
10,5;0,42;0,66;2,95;0,116;12;29;0,997;3,24;0,75;11,7;7;"Chile"
8,7;0,23;0,32;13,4;0,044;35;169;0,99975;3,12;0,47;8,8;7;"Argentina"
5,8;0,385;0,25;3,7;0,031;38;122;0,99128;3,2;0,63;11,2;6;"Argentina"
10,2;0,29;0,49;2,6;0,059;5;13;0,9976;3,05;0,74;10,5;7;"Chile"
6,6;0,5;0,01;1,5;0,06;17;26;0,9952;3,4;0,58;9,8;6;"Spain"
8,2;0,42;0,49;2,6;0,084;32;55;0,9988;3,34;0,75;8,7;6;"France"
8,9;0,635;0,37;1,7;0,263;5;62;0,9971;3;1,09;9,3;5;"Spain"
7,8;0,64;0,1;6;0,115;5;11;0,9984;3,37;0,69;10,1;7;"Chile"
6;0,38;0,26;3,5;0,035;38;111;0,98872;3,18;0,47;13,6;7;"Argentina"
7,2;0,5;0,18;2,1;0,071;12;31;0,99761;3,52;0,72;9,6;6;"Chile"
9,7;0,31;0,47;1,6;0,062;13;33;0,9983;3,27;0,66;10;6;"Chile"
10,4;0,33;0,63;2,8;0,084;5;22;0,9998;3,26;0,74;11,2;7;"Chile"
9,9;0,57;0,25;2;0,104;12;89;0,9963;3,04;0,9;10,1;5;"Chile"
7;0,35;0,3;6,5;0,028;27;87;0,9936;3,4;0,42;11,4;7;"Argentina"
9,5;0,59;0,44;2,3;0,071;21;68;0,9992;3,46;0,63;9,5;5;"Spain"
6,5;0,9;0;1,6;0,052;9;17;0,99467;3,5;0,63;10,9;6;"France"
8,2;0,39;0,49;2,3;0,099;47;133;0,9979;3,38;0,99;9,8;5;"Chile"
6,6;0,855;0,02;2,4;0,062;15;23;0,99627;3,54;0,6;11;6;"Spain"
6,1;0,38;0,14;3,9;0,06;27;113;0,99344;3,07;0,34;9,2;4;"Argentina"
11,6;0,475;0,4;1,4;0,091;6;28;0,99704;3,07;0,65;10,0333333333333;6;"Spain"
8,5;0,585;0,18;2,1;0,078;5;30;0,9967;3,2;0,48;9,8;6;"Spain"
6,7;0,16;0,32;12,5;0,035;18;156;0,99666;2,88;0,36;9;6;"Argentina"
5,7;0,24;0,3;1,3;0,03;25;98;0,98968;3,37;0,43;12,4;7;"Argentina"
7,6;0,18;0,36;2,4;0,049;38;123;0,996;3,6;0,46;10,3;5;"Argentina"
4,6;0,52;0,15;2,1;0,054;8;65;0,9934;3,9;0,56;13,1;4;"Spain"
8,3;0,655;0,12;2,3;0,083;15;113;0,9966;3,17;0,66;9,8;5;"Chile"
6,4;0,17;0,27;9,9;0,047;26;101;0,99596;3,34;0,5;9,9;6;"Argentina"
7,3;0,59;0,26;7,2;0,07;35;121;0,9981;3,37;0,49;9,4;5;"Chile"
7,2;0,3;0,26;1,5;0,041;46;178;0,99154;3,19;0,56;11,3;6;"Argentina"
6,8;0,65;0,02;2,1;0,078;8;15;0,99498;3,35;0,62;10,4;6;"France"
8,7;0,69;0,31;3;0,086;23;81;1,0002;3,48;0,74;11,6;6;"Spain"
7,2;0,24;0,4;17,85;0,049;50;185;1;3,34;0,42;9,6;5;"Argentina"
9,1;0,47;0,49;2,6;0,094;38;106;0,9982;3,08;0,59;9,1;5;"Chile"
7;0,805;0;2,5;0,068;7;20;0,9969;3,48;0,56;9,6;5;"Spain"
6,5;0,885;0;2,3;0,166;6;12;0,99551;3,56;0,51;10,8;5;"France"
7,1;0,6;0;1,8;0,074;16;34;0,9972;3,47;0,7;9,9;6;"France"
8,2;0,2;0,49;3,5;0,057;14;108;0,9928;3,19;0,35;11,5;6;"Argentina"
7,8;0,53;0,01;1,6;0,077;3;19;0,995;3,16;0,46;9,8;5;"Chile"
6,3;0,18;0,36;1,2;0,034;26;111;0,99074;3,16;0,51;11;6;"Argentina"
7,4;0,45;0,32;7,1;0,044;17;117;0,9962;3,32;0,41;10,4;4;"Argentina"
8,7;0,31;0,46;1,4;0,059;11;25;0,9966;3,36;0,76;10,1;6;"France"
7,1;0,46;0,14;2,8;0,076;15;37;0,99624;3,36;0,49;10,7;5;"Spain"
6,9;1,09;0,06;2,1;0,061;12;31;0,9948;3,51;0,43;11,4;4;"Chile"
7,6;0,2;0,3;14,2;0,056;53;212,5;0,999;3,14;0,46;8,9;8;"Argentina"
11,3;0,36;0,66;2,4;0,123;3;8;0,99642;3,2;0,53;11,9;6;"Chile"
6,8;0,21;0,36;18,1;0,046;32;133;1;3,27;0,48;8,8;5;"Argentina"
6,4;0,3;0,38;7,8;0,046;35;192;0,9955;3,1;0,37;9;5;"Argentina"
11,3;0,34;0,45;2;0,082;6;15;0,9988;2,94;0,66;9,2;6;"Chile"
7;0,38;0,49;2,5;0,097;33;85;0,9962;3,39;0,77;11,4;6;"Chile"
6,6;0,19;0,25;1,2;0,052;34;181;0,99352;3,3;0,42;9,4;7;"Argentina"
7,5;0,24;0,31;13,1;0,05;26;180;0,99884;3,05;0,53;9,1;6;"Argentina"
7,2;0,58;0,54;2,1;0,114;3;9;0,99719;3,33;0,57;10,3;4;"France"
7,3;0,23;0,37;1,9;0,041;51;165;0,9908;3,26;0,4;12,2;8;"Argentina"
15,9;0,36;0,65;7,5;0,096;22;71;0,9976;2,98;0,84;14,9;5;"Chile"
7,4;0,61;0,01;2;0,074;13;38;0,99748;3,48;0,65;9,8;5;"Chile"
10,3;0,44;0,5;4,5;0,107;5;13;0,998;3,28;0,83;11,5;5;"France"
6,3;0,24;0,22;11,9;0,05;65;179;0,99659;3,06;0,58;9,3;6;"Argentina"
7,1;0,59;0,02;2,3;0,082;24;94;0,99744;3,55;0,53;9,7;6;"Spain"
5,9;0,61;0,08;2,1;0,071;16;24;0,99376;3,56;0,77;11,1;6;"France"
7,9;0,54;0,34;2,5;0,076;8;17;0,99235;3,2;0,72;13,1;8;"Spain"
7,4;0,19;0,31;14,5;0,045;39;193;0,9986;3,1;0,5;9,2;6;"Argentina"
6,9;0,49;0,1;2,3;0,074;12;30;0,9959;3,42;0,58;10,2;6;"Spain"
6,4;0,64;0,21;1,8;0,081;14;31;0,99689;3,59;0,66;9,8;5;"France"
6,6;0,21;0,38;2,2;0,026;40;104;0,9914;3,25;0,4;11,1;8;"Argentina"
7;0,44;0,24;12,1;0,056;68;210;0,99718;3,05;0,5;9,5;5;"Argentina"
8,2;0,7;0,23;2;0,099;14;81;0,9973;3,19;0,7;9,4;5;"France"
11,3;0,37;0,5;1,8;0,09;20;47;0,99734;3,15;0,57;10,5;5;"France"
6,6;0,25;0,3;14,4;0,052;40;183;0,998;3,02;0,5;9,1;6;"Argentina"
7,1;0,66;0;2,4;0,052;6;11;0,99318;3,35;0,66;12,7;7;"Spain"
8,2;0,34;0,37;1,9;0,057;43;74;0,99408;3,23;0,81;12;6;"Chile"
9,2;0,67;0,1;3;0,091;12;48;0,99888;3,31;0,54;9,5;6;"Chile"
6,3;0,57;0,28;2,1;0,048;13;49;0,99374;3,41;0,6;12,8;5;"Spain"
6,8;0,28;0,44;11,5;0,04;58;223;0,9969;3,22;0,56;9,5;5;"Argentina"
8;0,715;0,22;2,3;0,075;13;81;0,99688;3,24;0,54;9,5;6;"Spain"
7,4;0,58;0;2;0,064;7;11;0,99562;3,45;0,58;11,3;6;"Spain"
5,5;0,49;0,03;1,8;0,044;28;87;0,9908;3,5;0,82;14;8;"Chile"
9,9;0,54;0,45;2,3;0,071;16;40;0,9991;3,39;0,62;9,4;5;"Spain"
7,2;0,25;0,28;14,4;0,055;55;205;0,9986;3,12;0,38;9;7;"Argentina"
6;0,2;0,26;6,8;0,049;22;93;0,9928;3,15;0,42;11;6;"Argentina"
7,4;0,21;0,27;7,3;0,031;41;144;0,9932;3,15;0,38;11,8;7;"Argentina"
6,8;0,27;0,3;13;0,047;69;160;0,99705;3,16;0,5;9,6;6;"Argentina"
8,2;0,34;0,38;2,5;0,08;12;57;0,9978;3,3;0,47;9;6;"France"
7,9;0,6;0,06;1,6;0,069;15;59;0,9964;3,3;0,46;9,4;5;"Spain"
9,9;0,53;0,57;2,4;0,093;30;52;0,9971;3,19;0,76;11,6;7;"France"
7,4;0,52;0,13;2,4;0,078;34;61;0,99528;3,43;0,59;10,8;6;"Spain"
7,3;0,73;0,24;1,9;0,108;18;102;0,9967;3,26;0,59;9,3;5;"France"
6,8;0,59;0,06;6;0,06;11;18;0,9962;3,41;0,59;10,8;7;"Chile"
7;0,23;0,4;1,6;0,063;21;67;0,9952;3,5;0,63;11,1;5;"France"
8,5;0,34;0,44;1,7;0,079;6;12;0,99605;3,52;0,63;10,7;5;"France"
7,7;0,27;0,68;3,5;0,358;5;10;0,9972;3,25;1,08;9,9;7;"Chile"
8,3;0,715;0,15;1,8;0,089;10;52;0,9968;3,23;0,77;9,5;5;"Spain"
9,1;0,5;0,3;1,9;0,065;8;17;0,99774;3,32;0,71;10,5;6;"France"
5,2;0,49;0,26;2,3;0,09;23;74;0,9953;3,71;0,62;12,2;6;"Spain"
6,7;0,46;0,24;1,7;0,077;18;34;0,9948;3,39;0,6;10,6;6;"Spain"
7,2;0,34;0,24;2;0,071;30;52;0,99576;3,44;0,58;10,1;5;"France"
9,2;0,58;0,2;3;0,081;15;115;0,998;3,23;0,59;9,5;5;"Chile"
8,1;0,66;0,7;2,2;0,098;25;129;0,9972;3,08;0,53;9;5;"Chile"
7,8;0,6;0,26;2;0,08;31;131;0,99622;3,21;0,52;9,9;5;"France"
7,6;0,5;0,29;2,3;0,086;5;14;0,99502;3,32;0,62;11,5;6;"France"
7,4;0,2;0,28;9,1;0,047;29;95;0,99532;3,16;0,47;9,8;7;"Argentina"
9,1;0,66;0,15;3,2;0,097;9;59;0,99976;3,28;0,54;9,6;5;"Chile"
11,2;0,66;0,24;2,5;0,085;16;53;0,9993;3,06;0,72;11;6;"Chile"
7,5;0,18;0,31;11,7;0,051;24;94;0,997;3,19;0,44;9,5;7;"Argentina"
9,1;0,5;0,3;1,9;0,065;8;17;0,99774;3,32;0,71;10,5;6;"Spain"
7,5;0,61;0,26;1,9;0,073;24;88;0,99612;3,3;0,53;9,8;5;"Chile"
10,2;0,34;0,48;2,1;0,052;5;9;0,99458;3,2;0,69;12,1;7;"Chile"
7,4;0,37;0,43;2,6;0,082;18;82;0,99708;3,33;0,68;9,7;6;"Spain"
10,2;0,49;0,63;2,9;0,072;10;26;0,9968;3,16;0,78;12,5;7;"France"
6,2;0,45;0,2;1,6;0,069;3;15;0,9958;3,41;0,56;9,2;5;"France"
13,2;0,46;0,52;2,2;0,071;12;35;1,0006;3,1;0,56;9;6;"Spain"
7;0,32;0,29;7,6;0,025;35;124;0,99162;3,15;0,65;12,8;7;"Argentina"
6,45;0,14;0,42;1,2;0,05;51;129;0,99116;3,27;0,69;11,1;7;"Argentina"
6,7;0,855;0,02;1,9;0,064;29;38;0,99472;3,3;0,56;10,75;6;"France"
8,4;0,2;0,38;11,8;0,055;51;170;1,0004;3,34;0,82;8,9;6;"Argentina"
8,5;0,18;0,51;1,75;0,071;45;88;0,99524;3,33;0,76;11,8;7;"Spain"
7,7;0,965;0,1;2,1;0,112;11;22;0,9963;3,26;0,5;9,5;5;"Spain"
7,1;0,35;0,29;2,5;0,096;20;53;0,9962;3,42;0,65;11;6;"Spain"
7,5;0,19;0,49;1,6;0,047;42;140;0,9932;3,4;0,47;10,7;6;"Argentina"
7,8;0,57;0,31;1,8;0,069;26;120;0,99625;3,29;0,53;9,3;5;"France"
7;0,655;0,16;2,1;0,074;8;25;0,99606;3,37;0,55;9,7;5;"Spain"
8,2;0,64;0,27;2;0,095;5;77;0,99747;3,13;0,62;9,1;6;"Chile"
7,5;0,49;0,2;2,6;0,332;8;14;0,9968;3,21;0,9;10,5;6;"Spain"
11,5;0,42;0,48;2,6;0,077;8;20;0,99852;3,09;0,53;11;5;"Chile"
8;0,52;0,03;1,7;0,07;10;35;0,99575;3,34;0,57;10;5;"France"
7,6;0,34;0,39;7,6;0,04;45;215;0,9965;3,11;0,53;9,2;6;"Argentina"
8,6;0,47;0,27;2,3;0,055;14;28;0,99516;3,18;0,8;11,2;5;"Chile"
9,3;0,43;0,44;1,9;0,085;9;22;0,99708;3,28;0,55;9,5;5;"France"
8,2;0,57;0,26;2,2;0,06;28;65;0,9959;3,3;0,43;10,1;5;"Spain"
7,4;0,29;0,5;1,8;0,042;35;127;0,9937;3,45;0,5;10,2;7;"Argentina"
5,9;0,24;0,3;2;0,033;28;92;0,99225;3,39;0,69;10,9;7;"Argentina"
6,2;0,58;0;1,6;0,065;8;18;0,9966;3,56;0,84;9,4;5;"Chile"
6,9;0,685;0;2,5;0,105;22;37;0,9966;3,46;0,57;10,6;6;"Spain"
5,9;0,29;0,25;13,4;0,067;72;160;0,99721;3,33;0,54;10,3;6;"Spain"
6,5;0,28;0,34;3,6;0,04;29;121;0,99111;3,28;0,48;12,1;7;"Argentina"
6,9;0,54;0,04;3;0,077;7;27;0,9987;3,69;0,91;9,4;6;"Chile"
7,1;0,75;0,01;2,2;0,059;11;18;0,99242;3,39;0,4;12,8;6;"France"
7,4;0,33;0,26;2,6;0,04;29;115;0,9913;3,07;0,52;11,8;7;"Argentina"
9,9;0,25;0,46;1,7;0,062;26;42;0,9959;3,18;0,83;10,6;6;"Spain"
6,8;0,48;0,25;2;0,076;29;61;0,9953;3,34;0,6;10,4;5;"Chile"
6,8;0,6;0,18;1,9;0,079;18;86;0,9968;3,59;0,57;9,3;6;"Chile"
8,6;0,37;0,65;6,4;0,08;3;8;0,99817;3,27;0,58;11;5;"Chile"
7,8;0,43;0,7;1,9;0,464;22;67;0,9974;3,13;1,28;9,4;5;"Spain"
7,5;0,725;0,04;1,5;0,076;8;15;0,99508;3,26;0,53;9,6;5;"Chile"
7,1;0,72;0;1,8;0,123;6;14;0,99627;3,45;0,58;9,8;5;"Chile"
7,6;0,4;0,29;1,9;0,078;29;66;0,9971;3,45;0,59;9,5;6;"Chile"
6,6;0,19;0,99;1,2;0,122;45;129;0,9936;3,09;0,31;8,7;6;"Argentina"
7,8;0,43;0,32;2,8;0,08;29;58;0,9974;3,31;0,64;10,3;5;"Chile"
7,6;0,14;0,74;1,6;0,04;27;103;0,9916;3,07;0,4;10,8;7;"Argentina"
7,8;0,27;0,58;11,2;0,036;44;161;0,9977;3,06;0,41;8,9;6;"Argentina"
5,9;0,395;0,13;2,4;0,056;14;28;0,99362;3,62;0,67;12,4;6;"Spain"
6,1;0,32;0,25;1,8;0,086;5;32;0,99464;3,36;0,44;10,1;5;"Chile"
7,9;0,69;0,21;2,1;0,08;33;141;0,9962;3,25;0,51;9,9;5;"France"
7,6;0,43;0,31;2,1;0,069;13;74;0,9958;3,26;0,54;9,9;6;"Chile"
7,2;0,61;0,08;4;0,082;26;108;0,99641;3,25;0,51;9,4;5;"Spain"
6,4;0,18;0,48;18;0,054;56;183;1,00038;2,98;0,61;8,5;6;"Argentina"
9,6;0,6;0,5;2,3;0,079;28;71;0,9997;3,5;0,57;9,7;5;"France"
9;0,8;0,12;2,4;0,083;8;28;0,99836;3,33;0,65;10,4;6;"Chile"
7,7;0,57;0,21;1,5;0,069;4;9;0,99458;3,16;0,54;9,8;6;"France"
9,7;0,295;0,4;1,5;0,073;14;21;0,99556;3,14;0,51;10,9;6;"Spain"
5,6;0,5;0,09;2,3;0,049;17;99;0,9937;3,63;0,63;13;5;"Spain"
7,7;0,39;0,3;5,2;0,037;29;131;0,9943;3,38;0,44;11;6;"Argentina"
15,5;0,645;0,49;4,2;0,095;10;23;1,00315;2,92;0,74;11,1;5;"Chile"
8,3;0,34;0,4;2,4;0,065;24;48;0,99554;3,34;0,86;11;6;"Chile"
6,6;0,695;0;2,1;0,075;12;56;0,9968;3,49;0,67;9,2;5;"France"
6,2;0,36;0,24;2,2;0,095;19;42;0,9946;3,57;0,57;11,7;6;"France"
6,7;0,31;0,31;4,9;0,031;20;151;0,9926;3,36;0,82;12;7;"Argentina"
7,8;0,56;0,19;1,8;0,104;12;47;0,9964;3,19;0,93;9,5;5;"France"
7,5;0,6;0,03;1,8;0,095;25;99;0,995;3,35;0,54;10,1;5;"Chile"
7;0,735;0,05;2;0,081;13;54;0,9966;3,39;0,57;9,8;5;"France"
7,2;0,33;0,22;4,5;0,031;10;73;0,99076;2,97;0,52;12,2;7;"Argentina"
12;0,28;0,49;1,9;0,074;10;21;0,9976;2,98;0,66;9,9;7;"Spain"
8;0,725;0,24;2,8;0,083;10;62;0,99685;3,35;0,56;10;6;"Chile"
8;0,18;0,37;0,9;0,049;36;109;0,99007;2,89;0,44;12,7;6;"Chile"
7;0,65;0,02;2,1;0,066;8;25;0,9972;3,47;0,67;9,5;6;"Chile"
6,9;0,28;0,37;9,1;0,037;16;76;0,9948;3,05;0,54;11,1;5;"Argentina"
7,1;0,47;0;2,2;0,067;7;14;0,99517;3,4;0,58;10,9;4;"Chile"
11,6;0,41;0,58;2,8;0,096;25;101;1,00024;3,13;0,53;10;5;"Spain"
12;0,37;0,76;4,2;0,066;7;38;1,0004;3,22;0,6;13;7;"Chile"
6,3;0,24;0,35;2,3;0,039;43;109;0,99056;3,34;0,44;11,8;6;"Argentina"
6,1;0,32;0,25;2,3;0,071;23;58;0,99633;3,42;0,97;10,6;5;"Spain"
9,1;0,785;0;2,6;0,093;11;28;0,9994;3,36;0,86;9,4;6;"Spain"
8,3;0,22;0,38;14,8;0,054;32;126;1,0002;3,22;0,5;9,7;5;"Argentina"
6,3;0,23;0,33;6,9;0,052;23;118;0,9938;3,23;0,46;10,4;6;"Argentina"
6,8;0,49;0,22;2,3;0,071;13;24;0,99438;3,41;0,83;11,3;6;"Chile"
6,4;0,36;0,53;2,2;0,23;19;35;0,9934;3,37;0,93;12,4;6;"France"
10,6;1,025;0,43;2,8;0,08;21;84;0,9985;3,06;0,57;10,1;5;"Chile"
7;0,24;0,36;2,8;0,034;22;112;0,99;3,19;0,38;12,6;8;"Argentina"
6;0,5;0,04;2,2;0,092;13;26;0,99647;3,46;0,47;10;5;"France"
6,5;0,41;0,24;14;0,048;24;113;0,9982;3,44;0,53;9,8;6;"Argentina"
7,1;0,44;0,37;2,7;0,041;35;128;0,9896;3,07;0,43;13,5;7;"Argentina"
7,7;0,57;0,21;1,5;0,069;4;9;0,99458;3,16;0,54;9,8;6;"Chile"
7,7;0,715;0,01;2,1;0,064;31;43;0,99371;3,41;0,57;11,8;6;"Spain"
8,9;0,4;0,51;2,6;0,052;13;27;0,995;3,32;0,9;13,4;7;"France"
7;0,685;0;1,9;0,099;9;22;0,99606;3,34;0,6;9,7;5;"France"
6,6;0,58;0;2,2;0,1;50;63;0,99544;3,59;0,68;11,4;6;"France"
8,7;0,33;0,38;3,3;0,063;10;19;0,99468;3,3;0,73;12;7;"France"
7,4;0,55;0,22;2,2;0,106;12;72;0,9959;3,05;0,63;9,2;5;"Chile"
6,6;0,58;0,02;2,4;0,069;19;40;0,99387;3,38;0,66;12,6;6;"France"
9,7;0,69;0,32;2,5;0,088;22;91;0,9979;3,29;0,62;10,1;5;"Chile"
7,2;0,31;0,5;13,3;0,056;68;195;0,9982;3,01;0,47;9,2;5;"Argentina"
10;0,29;0,4;2,9;0,098;10;26;1,0006;3,48;0,91;9,7;5;"Spain"
8,2;0,21;0,48;1,4;0,041;11;99;0,9958;3,17;0,57;9,9;5;"Argentina"
5,2;0,48;0,04;1,6;0,054;19;106;0,9927;3,54;0,62;12,2;7;"Chile"
6,6;0,725;0,09;5,5;0,117;9;17;0,99655;3,35;0,49;10,8;6;"France"
8,8;0,55;0,04;2,2;0,119;14;56;0,9962;3,21;0,6;10,9;6;"France"
9,2;0,14;0,37;1,1;0,034;36;84;0,99136;3,05;0,55;11,6;6;"Argentina"
6,9;0,615;0,42;12;0,067;24;131;0,99727;3,19;0,34;9,3;5;"Argentina"
7,7;0,56;0,2;2;0,075;9;39;0,9987;3,48;0,62;9,3;5;"Chile"
11,9;0,57;0,5;2,6;0,082;6;32;1,0006;3,12;0,78;10,7;6;"Spain"
6,5;0,61;0;2,2;0,095;48;59;0,99541;3,61;0,7;11,5;6;"Spain"
7,8;0,53;0,01;1,6;0,077;3;19;0,995;3,16;0,46;9,8;5;"Spain"
8,7;0,52;0,09;2,5;0,091;20;49;0,9976;3,34;0,86;10,6;7;"Spain"
8,8;0,6;0,29;2,2;0,098;5;15;0,9988;3,36;0,49;9,1;5;"Chile"
7;0,57;0;2;0,19;12;45;0,99676;3,31;0,6;9,4;6;"Chile"
6,5;0,34;0,46;1;0,023;6;80;0,98865;3,15;0,54;12,9;6;"Argentina"
6,4;0,31;0,38;2,9;0,038;19;102;0,9912;3,17;0,35;11;7;"Argentina"
5,6;0,26;0,18;1,4;0,034;18;135;0,99174;3,32;0,35;10,2;6;"Argentina"
11,9;0,58;0,58;1,9;0,071;5;18;0,998;3,09;0,63;10;6;"France"
7,8;0,5;0,12;1,8;0,178;6;21;0,996;3,28;0,87;9,8;6;"France"
6,2;0,23;0,36;17,2;0,039;37;130;0,99946;3,23;0,43;8,8;6;"Argentina"
12,4;0,49;0,58;3;0,103;28;99;1,0008;3,16;1;11,5;6;"France"
8,1;0,87;0;2,2;0,084;10;31;0,99656;3,25;0,5;9,8;5;"Chile"
10,2;0,645;0,36;1,8;0,053;5;14;0,9982;3,17;0,42;10;6;"Spain"
7,4;0,74;0,07;1,7;0,086;15;48;0,99502;3,12;0,48;10;5;"Spain"
6,4;0,12;0,3;1,1;0,031;37;94;0,98986;3,01;0,56;11,7;6;"Argentina"
5,8;0,17;0,36;1,3;0,036;11;70;0,99202;3,43;0,68;10,4;7;"Argentina"
8,1;0,73;0;2,5;0,081;12;24;0,99798;3,38;0,46;9,6;4;"France"
7,3;0,24;0,34;15,4;0,05;38;174;0,9983;3,03;0,42;9;6;"Argentina"
9,4;0,4;0,31;2,2;0,09;13;62;0,9966;3,07;0,63;10,5;6;"Spain"
6,6;0,23;0,37;8,5;0,036;46;153;0,99576;3,2;0,48;9,4;6;"Argentina"
6,5;0,41;0,24;14;0,048;24;113;0,9982;3,44;0,53;9,8;6;"Argentina"
10,4;0,24;0,46;1,8;0,075;6;21;0,9976;3,25;1,02;10,8;7;"Spain"
6,8;0,91;0,06;2;0,06;4;11;0,99592;3,53;0,64;10,9;4;"Chile"
9,4;0,24;0,33;2,3;0,061;52;73;0,99786;3,47;0,9;10,2;6;"France"
6,7;1,04;0,08;2,3;0,067;19;32;0,99648;3,52;0,57;11;4;"Chile"
10;0,43;0,33;2,7;0,095;28;89;0,9984;3,22;0,68;10;5;"France"
6,6;0,28;0,3;7,8;0,049;57;202;0,9958;3,24;0,39;9,5;5;"Argentina"
6;0,51;0;2,1;0,064;40;54;0,995;3,54;0,93;10,7;6;"France"
7,6;0,31;0,27;5,8;0,036;23;109;0,99399;3,34;0,54;11;6;"Argentina"
7,5;0,61;0,2;1,7;0,076;36;60;0,99494;3,1;0,4;9,3;5;"Spain"
7,4;0,64;0,07;1,8;0,1;8;23;0,9961;3,3;0,58;9,6;5;"Chile"
6,7;0,75;0,01;2,4;0,078;17;32;0,9955;3,55;0,61;12,8;6;"Chile"
10;0,58;0,22;1,9;0,08;9;32;0,9974;3,13;0,55;9,5;5;"Chile"
7,1;0,69;0,08;2,1;0,063;42;52;0,99608;3,42;0,6;10,2;6;"Spain"
7,3;0,32;0,35;1,4;0,05;8;163;0,99244;3,24;0,42;10,7;5;"Argentina"
11,4;0,6;0,49;2,7;0,085;10;41;0,9994;3,15;0,63;10,5;6;"Spain"
7,1;0,2;0,41;2,1;0,054;24;166;0,9948;3,48;0,62;10,5;6;"Argentina"
8;0,59;0,05;2;0,089;12;32;0,99735;3,36;0,61;10;5;"France"
6,2;0,63;0,31;1,7;0,088;15;64;0,9969;3,46;0,79;9,3;5;"Chile"
8;0,33;0,35;10;0,035;22;108;0,99457;3,12;0,36;11,6;6;"Argentina"
7,8;0,52;0,25;1,9;0,081;14;38;0,9984;3,43;0,65;9;6;"Spain"
7,9;0,34;0,42;2;0,086;8;19;0,99546;3,35;0,6;11,4;6;"Chile"
6;0,42;0,19;2;0,075;22;47;0,99522;3,39;0,78;10;6;"Spain"
7,4;0,635;0,1;2,4;0,08;16;33;0,99736;3,58;0,69;10,8;7;"Spain"
7,3;0,735;0;2,2;0,08;18;28;0,99765;3,41;0,6;9,4;5;"Spain"
7;0,4;0,32;3,6;0,061;9;29;0,99416;3,28;0,49;11,3;7;"France"
11,1;0,18;0,48;1,5;0,068;7;15;0,9973;3,22;0,64;10,1;6;"Chile"
8,6;0,45;0,31;2,6;0,086;21;50;0,9982;3,37;0,91;9,9;6;"Spain"
7,3;0,55;0,03;1,6;0,072;17;42;0,9956;3,37;0,48;9;4;"Chile"
7,3;0,66;0;2;0,084;6;23;0,9983;3,61;0,96;9,9;6;"France"
6,6;0,61;0,01;1,9;0,08;8;25;0,99746;3,69;0,73;10,5;5;"Spain"
8;0,62;0,33;2,7;0,088;16;37;0,9972;3,31;0,58;10,7;6;"Chile"
7,8;0,76;0,04;2,3;0,092;15;54;0,997;3,26;0,65;9,8;5;"Chile"
7,3;0,67;0,02;2,2;0,072;31;92;0,99566;3,32;0,68;11,1;6;"Chile"
6,2;0,65;0,06;1,6;0,05;6;18;0,99348;3,57;0,54;11,95;5;"Chile"
6,9;0,22;0,43;6,4;0,042;34;115;0,99293;3,05;0,51;10,8;6;"Argentina"
8,7;0,46;0,31;2,5;0,126;24;64;0,99746;3,1;0,74;9,6;5;"France"
6,5;0,26;0,31;3,6;0,03;36;92;0,99026;3,22;0,62;12,6;8;"Argentina"
6,6;0,36;0,24;0,9;0,038;15;72;0,99066;3,23;0,39;11;5;"Argentina"
6,9;0,63;0,01;2,4;0,076;14;39;0,99522;3,34;0,53;10,8;6;"Spain"
7,5;0,38;0,48;2,6;0,073;22;84;0,9972;3,32;0,7;9,6;4;"Chile"
7;0,55;0,13;2,2;0,075;15;35;0,9959;3,36;0,59;9,7;6;"Chile"
10,9;0,53;0,49;4,6;0,118;10;17;1,0002;3,07;0,56;11,7;6;"Chile"
15;0,21;0,44;2,2;0,075;10;24;1,00005;3,07;0,84;9,2;7;"Spain"
6,6;0,815;0,02;2,7;0,072;17;34;0,9955;3,58;0,89;12,3;7;"France"
10,4;0,24;0,49;1,8;0,075;6;20;0,9977;3,18;1,06;11;6;"France"
8,4;0,635;0,36;2;0,089;15;55;0,99745;3,31;0,57;10,4;4;"Spain"
6,3;0,47;0;1,4;0,055;27;33;0,9922;3,45;0,48;12,3;6;"France"
7,5;0,27;0,36;7;0,036;45;164;0,9939;3,03;0,33;11;5;"Argentina"
8,3;0,26;0,37;1,4;0,076;8;23;0,9974;3,26;0,7;9,6;6;"France"
12,5;0,28;0,54;2,3;0,082;12;29;0,9997;3,11;1,36;9,8;7;"France"
7,8;0,56;0,19;2,1;0,081;15;105;0,9962;3,33;0,54;9,5;5;"France"
10,2;0,54;0,37;15,4;0,214;55;95;1,00369;3,18;0,77;9;6;"Chile"
9,8;0,66;0,39;3,2;0,083;21;59;0,9989;3,37;0,71;11,5;7;"France"
7,6;0,665;0,1;1,5;0,066;27;55;0,99655;3,39;0,51;9,3;5;"France"
7,9;0,29;0,31;7,35;0,034;37;154;0,9938;3,06;0,31;10,8;5;"Argentina"
7;0,29;0,35;1,4;0,036;42;109;0,99119;3,31;0,62;11,6;6;"Argentina"
6,8;0,24;0,37;7,45;0,043;59;188;0,99579;3,2;0,5;9,4;6;"Argentina"
8,6;0,635;0,68;1,8;0,403;19;56;0,99632;3,02;1,15;9,3;5;"Chile"
8,8;0,37;0,48;2,1;0,097;39;145;0,9975;3,04;1,03;9,3;5;"Spain"
8,3;0,31;0,39;2,4;0,078;17;43;0,99444;3,31;0,77;12,5;7;"Spain"
10,8;0,26;0,45;3,3;0,06;20;49;0,9972;3,13;0,54;9,6;5;"Spain"
6,3;0,2;0,4;1,5;0,037;35;107;0,9917;3,46;0,5;11,4;6;"Argentina"
7,2;0,56;0,26;2;0,083;13;100;0,99586;3,26;0,52;9,9;5;"Spain"
6,6;0,57;0,02;2,1;0,115;6;16;0,99654;3,38;0,69;9,5;5;"France"
7,3;0,32;0,25;7,2;0,056;47;180;0,9961;3,08;0,47;8,8;5;"Argentina"
6,9;0,34;0,3;4,7;0,029;34;148;0,99165;3,36;0,49;12,3;7;"Argentina"
6,8;0,67;0,02;1,8;0,05;5;11;0,9962;3,48;0,52;9,5;5;"Spain"
7,2;0,47;0,16;5,9;0,048;14;125;0,99428;3,09;0,49;9,8;5;"Argentina"
5,3;0,57;0,01;1,7;0,054;5;27;0,9934;3,57;0,84;12,5;7;"Chile"
6,7;0,13;0,32;3,7;0,017;32;99;0,99348;3,12;0,44;10;6;"Argentina"
6,6;0,39;0,28;9,2;0,036;10;92;0,99206;3,07;0,35;12,1;6;"Argentina"
5,7;0,24;0,47;6,3;0,069;35;182;0,99391;3,11;0,46;9,73333333333333;5;"Argentina"
8,1;0,825;0,24;2,1;0,084;5;13;0,9972;3,37;0,77;10,7;6;"Chile"
8,5;0,19;0,49;3,5;0,044;29;117;0,9938;3,14;0,51;10,1;6;"Argentina"
6,5;0,67;0;4,3;0,057;11;20;0,99488;3,45;0,56;11,8;4;"Chile"
8,2;0,26;0,34;2,5;0,073;16;47;0,99594;3,4;0,78;11,3;7;"France"
6,6;0,24;0,3;13;0,052;18;143;0,99825;3,37;0,49;9,4;6;"Argentina"
7,1;0,31;0,3;2,2;0,053;36;127;0,9965;2,94;1,62;9,5;5;"Spain"
13,5;0,53;0,79;4,8;0,12;23;77;1,0018;3,18;0,77;13;5;"Chile"
6,8;0,815;0;1,2;0,267;16;29;0,99471;3,32;0,51;9,8;3;"France"
8,3;0,65;0,1;2,9;0,089;17;40;0,99803;3,29;0,55;9,5;5;"France"
7,1;0,48;0,28;2,8;0,068;6;16;0,99682;3,24;0,53;10,3;5;"Spain"
7;0,45;0,34;19,8;0,04;12;67;0,9976;3,07;0,38;11;6;"Argentina"
7,8;0,735;0,08;2,4;0,092;10;41;0,9974;3,24;0,71;9,8;6;"Chile"
7,4;0,62;0,05;1,9;0,068;24;42;0,9961;3,42;0,57;11,5;6;"Chile"
10,3;0,43;0,44;2,4;0,214;5;12;0,9994;3,19;0,63;9,5;6;"Chile"
10,6;0,36;0,57;2,3;0,087;6;20;0,99676;3,14;0,72;11,1;7;"France"
8,5;0,47;0,27;1,9;0,058;18;38;0,99518;3,16;0,85;11,1;6;"France"
8,6;0,22;0,36;1,9;0,064;53;77;0,99604;3,47;0,87;11;7;"France"
7,6;0,3;0,27;10,6;0,039;31;119;0,99815;3,27;0,3;9,3;6;"Argentina"
6,6;0,38;0,29;2,9;0,035;15;101;0,98916;3,04;0,37;12,5;6;"Argentina"
8,7;0,7;0,24;2,5;0,226;5;15;0,9991;3,32;0,6;9;6;"Chile"
7,3;0,39;0,31;2,4;0,074;9;46;0,9962;3,41;0,54;9,4;6;"Chile"
6,9;0,41;0,31;2;0,079;21;51;0,99668;3,47;0,55;9,5;6;"Spain"
10,4;0,28;0,54;2,7;0,105;5;19;0,9988;3,25;0,63;9,5;5;"France"
6,6;0,24;0,35;7,7;0,031;36;135;0,9938;3,19;0,37;10,5;5;"Argentina"
7,2;0,57;0,05;2,3;0,081;16;36;0,99564;3,38;0,6;10,3;6;"Spain"
6,7;0,48;0,02;2,2;0,08;36;111;0,99524;3,1;0,53;9,7;5;"Spain"
8,9;0,62;0,18;3,8;0,176;52;145;0,9986;3,16;0,88;9,2;5;"France"
7,4;0,63;0,07;2,4;0,09;11;37;0,9979;3,43;0,76;9,7;6;"Chile"
7,2;0,62;0,06;2,7;0,077;15;85;0,99746;3,51;0,54;9,5;5;"France"
8,3;0,21;0,58;17,1;0,049;62;213;1,0006;3,01;0,51;9,3;6;"Argentina"
6,9;0,45;0,11;2,4;0,043;6;12;0,99354;3,3;0,65;11,4;6;"Spain"
6,9;0,63;0,02;1,9;0,078;18;30;0,99712;3,4;0,75;9,8;5;"Chile"
11,4;0,46;0,5;2,7;0,122;4;17;1,0006;3,13;0,7;10,2;5;"Spain"
7,4;0,7;0;1,9;0,076;11;34;0,9978;3,51;0,56;9,4;5;"Chile"
8,3;0,845;0,01;2,2;0,07;5;14;0,9967;3,32;0,58;11;4;"France"
7,5;0,59;0,22;1,8;0,082;43;60;0,99499;3,1;0,42;9,2;5;"Spain"
5,8;0,22;0,29;0,9;0,034;34;89;0,98936;3,14;0,36;11,1;7;"Argentina"
7,3;0,2;0,37;1,2;0,037;48;119;0,992;3,32;0,49;10,9;6;"Argentina"
6,3;0,25;0,27;6,6;0,054;40;158;0,99378;3,2;0,48;10,3;5;"Argentina"
9;0,82;0,05;2,4;0,081;26;96;0,99814;3,36;0,53;10;5;"Spain"
6,4;0,31;0,28;2,5;0,039;34;137;0,98946;3,22;0,38;12,7;6;"Argentina"
8,2;0,74;0,09;2;0,067;5;10;0,99418;3,28;0,57;11,8;6;"Chile"
6,1;0,4;0,16;1,8;0,069;11;25;0,9955;3,42;0,74;10,1;7;"Spain"
8,2;0,24;0,34;5,1;0,062;8;22;0,9974;3,22;0,94;10,9;6;"Spain"
9;0,54;0,49;2,9;0,094;41;110;0,9982;3,08;0,61;9,2;5;"Spain"
8,8;0,24;0,54;2,5;0,083;25;57;0,9983;3,39;0,54;9,2;5;"Spain"
7,7;0,54;0,26;1,9;0,089;23;147;0,99636;3,26;0,59;9,7;5;"Spain"
9,1;0,29;0,33;2,05;0,063;13;27;0,99516;3,26;0,84;11,7;7;"France"
6,8;0,36;0,32;1,8;0,067;4;8;0,9928;3,36;0,55;12,8;7;"Chile"
6,6;0,44;0,15;2,1;0,076;22;53;0,9957;3,32;0,62;9,3;5;"Spain"
6,6;0,66;0;3;0,115;21;31;0,99629;3,45;0,63;10,3;5;"Chile"
7,8;0,57;0,09;2,3;0,065;34;45;0,99417;3,46;0,74;12,7;8;"Spain"
6,7;0,675;0,07;2,4;0,089;17;82;0,9958;3,35;0,54;10,1;5;"Spain"
6,6;0,25;0,31;12,4;0,059;52;181;0,9984;3,51;0,47;9,8;6;"Argentina"
5,3;0,47;0,11;2,2;0,048;16;89;0,99182;3,54;0,88;13,5666666666667;7;"France"
10,1;0,27;0,54;2,3;0,065;7;26;0,99531;3,17;0,53;12,5;6;"Spain"
11,5;0,35;0,49;3,3;0,07;10;37;1,0003;3,32;0,91;11;6;"France"
10,1;0,31;0,35;1,6;0,075;9;28;0,99672;3,24;0,83;11,2;7;"France"
5,6;0,915;0;2,1;0,041;17;78;0,99346;3,68;0,73;11,4;5;"France"
7;0,62;0,08;1,8;0,076;8;24;0,9978;3,48;0,53;9;5;"Spain"
6,1;0,15;0,35;15,8;0,042;55;158;0,99642;3,24;0,37;10,6;5;"Argentina"
10,1;0,935;0,22;3,4;0,105;11;86;1,001;3,43;0,64;11,3;4;"Spain"
6,8;0,35;0,53;10,1;0,053;37;151;0,9963;3,07;0,4;9,4;5;"Argentina"
9;0,46;0,31;2,8;0,093;19;98;0,99815;3,32;0,63;9,5;6;"Spain"
7,6;0,49;0,33;1,9;0,074;27;85;0,99706;3,41;0,58;9;5;"France"
9,5;0,37;0,52;2;0,082;6;26;0,998;3,18;0,51;9,5;5;"Chile"
6,8;0,17;0,74;2,4;0,053;61;182;0,9953;3,63;0,76;10,5;6;"Argentina"
6,1;0,64;0,02;2,4;0,069;26;46;0,99358;3,47;0,45;11;5;"France"
8,4;0,37;0,43;2,3;0,063;12;19;0,9955;3,17;0,81;11,2;7;"Chile"
6,7;0,76;0,02;1,8;0,078;6;12;0,996;3,55;0,63;9,95;3;"Spain"
7,7;1,005;0,15;2,1;0,102;11;32;0,99604;3,23;0,48;10;5;"Spain"
8,2;1;0,09;2,3;0,065;7;37;0,99685;3,32;0,55;9;6;"Chile"
9,3;0,36;0,39;1,5;0,08;41;55;0,99652;3,47;0,73;10,9;6;"Spain"
5,4;0,74;0,09;1,7;0,089;16;26;0,99402;3,67;0,56;11,6;6;"Chile"
6,3;0,34;0,31;6;0,02;18;68;0,98981;3,22;0,29;13,4;7;"Argentina"
8,5;0,44;0,5;1,9;0,369;15;38;0,99634;3,01;1,1;9,4;5;"Spain"
6,2;0,7;0,15;5,1;0,076;13;27;0,99622;3,54;0,6;11,9;6;"Spain"
6,2;0,39;0,43;2;0,071;14;24;0,99428;3,45;0,87;11,2;7;"Chile"
7;0,745;0,12;1,8;0,114;15;64;0,99588;3,22;0,59;9,5;6;"France"
10,2;0,54;0,37;15,4;0,214;55;95;1,00369;3,18;0,77;9;6;"Spain"
6,8;0,31;0,32;7,6;0,052;35;143;0,9959;3,14;0,38;9;5;"Argentina"
7,8;0,82;0,29;4,3;0,083;21;64;0,99642;3,16;0,53;9,4;5;"Spain"
7,2;0,57;0,05;2,3;0,081;16;36;0,99564;3,38;0,6;10,3;6;"Spain"
8,2;0,28;0,4;2,4;0,052;4;10;0,99356;3,33;0,7;12,8;7;"Chile"
11,1;0,31;0,49;2,7;0,094;16;47;0,9986;3,12;1,02;10,6;7;"France"
5,9;0,31;0,3;7,7;0,047;60;206;0,995;3,2;0,39;9,6;6;"Argentina"
6,4;0,35;0,28;12,6;0,039;19;124;0,99539;3,2;0,43;10,6;6;"Argentina"
8,9;0,4;0,32;5,6;0,087;10;47;0,9991;3,38;0,77;10,5;7;"Spain"
9,1;0,37;0,32;2,1;0,064;4;15;0,99576;3,3;0,8;11,2;6;"Chile"
7,7;0,67;0,23;2,1;0,088;17;96;0,9962;3,32;0,48;9,5;5;"France"
6,9;0,33;0,21;1;0,053;39;148;0,9927;3,12;0,45;9,4;6;"Argentina"
6,5;0,35;0,28;12,4;0,051;86;213;0,9962;3,16;0,51;9,9;6;"Argentina"
11,5;0,31;0,51;2,2;0,079;14;28;0,9982;3,03;0,93;9,8;6;"Chile"
7,9;0,545;0,06;4;0,087;27;61;0,9965;3,36;0,67;10,7;6;"Spain"
4,8;0,33;0;6,5;0,028;34;163;0,9937;3,35;0,61;9,9;5;"Argentina"
7,3;0,51;0,18;2,1;0,07;12;28;0,99768;3,52;0,73;9,5;6;"Spain"
6,2;0,21;0,52;6,5;0,047;28;123;0,99418;3,22;0,49;9,9;6;"Argentina"
7,5;0,65;0,18;7;0,088;27;94;0,99915;3,38;0,77;9,4;5;"Chile"
9,9;0,54;0,45;2,3;0,071;16;40;0,9991;3,39;0,62;9,4;5;"Chile"
5,9;0,37;0,32;1,6;0,029;41;102;0,98916;3,41;0,55;12,7;7;"Argentina"
7,5;0,51;0,02;1,7;0,084;13;31;0,99538;3,36;0,54;10,5;6;"Spain"
8,3;0,61;0,3;2,1;0,084;11;50;0,9972;3,4;0,61;10,2;6;"Chile"
7;0,49;0,49;5,6;0,06;26;121;0,9974;3,34;0,76;10,5;5;"France"
6,6;0,56;0,14;2,4;0,064;13;29;0,99397;3,42;0,62;11,7;7;"France"
7;0,12;0,29;10,3;0,039;41;98;0,99564;3,19;0,38;9,8;8;"Argentina"
7,6;0,46;0,11;2,6;0,079;12;49;0,9968;3,21;0,57;10;5;"Chile"
8;0,67;0,3;2;0,06;38;62;0,9958;3,26;0,56;10,2;6;"Spain"
7,2;0,36;0,46;2,1;0,074;24;44;0,99534;3,4;0,85;11;7;"Chile"
8,1;0,78;0,1;3,3;0,09;4;13;0,99855;3,36;0,49;9,5;5;"Chile"
6;0,17;0,33;6;0,036;30;111;0,99362;3,32;0,58;10,1333333333333;7;"Argentina"
12;0,39;0,66;3;0,093;12;30;0,9996;3,18;0,63;10,8;7;"Chile"
7,5;0,38;0,56;9,7;0,055;15;170;0,99605;3,13;0,65;9,9;6;"Argentina"
8,9;0,35;0,4;3,6;0,11;12;24;0,99549;3,23;0,7;12;7;"France"
8,8;0,3;0,38;2,3;0,06;19;72;0,99543;3,39;0,72;11,8;6;"France"
5,3;0,31;0,38;10,5;0,031;53;140;0,99321;3,34;0,46;11,7;6;"Argentina"
7,5;0,26;0,38;5,7;0,021;23;125;0,99338;3,13;0,62;11,1;6;"Argentina"
10,4;0,41;0,55;3,2;0,076;22;54;0,9996;3,15;0,89;9,9;6;"Chile"
11,2;0,67;0,55;2,3;0,084;6;13;1;3,17;0,71;9,5;6;"Spain"
8,9;0,4;0,32;5,6;0,087;10;47;0,9991;3,38;0,77;10,5;7;"Chile"
8,1;0,78;0,23;2,6;0,059;5;15;0,997;3,37;0,56;11,3;5;"France"
10,4;0,34;0,58;3,7;0,174;6;16;0,997;3,19;0,7;11,3;6;"Chile"
8,9;0,48;0,53;4;0,101;3;10;0,99586;3,21;0,59;12,1;7;"Spain"
5,9;0,27;0,29;11,4;0,036;31;115;0,9949;3,35;0,48;10,5;8;"Argentina"
8,7;0,69;0,31;3;0,086;23;81;1,0002;3,48;0,74;11,6;6;"France"
8,2;0,4;0,31;1,9;0,082;8;24;0,996;3,24;0,69;10,6;6;"Chile"
6,9;0,38;0,29;13,65;0,048;52;189;0,99784;3;0,6;9,5;6;"Argentina"
8,9;0,59;0,5;2;0,337;27;81;0,9964;3,04;1,61;9,5;6;"Chile"
6,9;0,55;0,15;2,2;0,076;19;40;0,9961;3,41;0,59;10,1;5;"Spain"
5,6;0,54;0,04;1,7;0,049;5;13;0,9942;3,72;0,58;11,4;5;"France"
6,7;0,42;0,27;8,6;0,068;24;148;0,9948;3,16;0,57;11,3;6;"Chile"
8,9;0,595;0,41;7,9;0,086;30;109;0,9998;3,27;0,57;9,3;5;"France"
7;0,62;0,1;1,4;0,071;27;63;0,996;3,28;0,61;9,2;5;"Chile"
8,7;0,7;0,24;2,5;0,226;5;15;0,9991;3,32;0,6;9;6;"Spain"
7,5;0,29;0,67;8,1;0,037;53;166;0,9966;2,9;0,41;8,9;6;"Argentina"
10,9;0,32;0,52;1,8;0,132;17;44;0,99734;3,28;0,77;11,5;6;"Chile"
7,4;0,2;0,37;1,2;0,028;28;89;0,99132;3,14;0,61;11,8;6;"Argentina"
9,5;0,39;0,41;8,9;0,069;18;39;0,99859;3,29;0,81;10,9;7;"Spain"
7,5;0,52;0,11;1,5;0,079;11;39;0,9968;3,42;0,58;9,6;5;"Spain"
15,5;0,645;0,49;4,2;0,095;10;23;1,00315;2,92;0,74;11,1;5;"Spain"
9,2;0,43;0,52;2,3;0,083;14;23;0,9976;3,35;0,61;11,3;6;"Chile"
7,3;0,25;0,29;7,5;0,049;38;158;0,9965;3,43;0,38;9,6;5;"Argentina"
8,5;0,25;0,27;4,7;0,031;31;92;0,9922;3,01;0,33;12;6;"Argentina"
7,1;0,43;0,42;5,5;0,071;28;128;0,9973;3,42;0,71;10,5;5;"Chile"
8,3;0,615;0,22;2,6;0,087;6;19;0,9982;3,26;0,61;9,3;5;"Spain"
7,1;0,59;0,01;2,3;0,08;27;43;0,9955;3,42;0,58;10,7;6;"Chile"
10;0,69;0,11;1,4;0,084;8;24;0,99578;2,88;0,47;9,7;5;"France"
6;0,17;0,29;5;0,028;25;108;0,99076;3,14;0,34;12,3;6;"Argentina"
8,6;0,53;0,22;2;0,1;7;27;0,9967;3,2;0,56;10,2;6;"Spain"
7,6;0,78;0;1,7;0,076;33;45;0,99612;3,31;0,62;10,7;6;"France"
11,4;0,26;0,44;3,6;0,071;6;19;0,9986;3,12;0,82;9,3;6;"Chile"
8,4;0,745;0,11;1,9;0,09;16;63;0,9965;3,19;0,82;9,6;5;"Chile"
7,2;0,605;0,02;1,9;0,096;10;31;0,995;3,46;0,53;11,8;6;"France"
7,6;0,3;0,42;2;0,052;6;24;0,9963;3,44;0,82;11,9;6;"France"
7,6;0,43;0,29;2,1;0,075;19;66;0,99718;3,4;0,64;9,5;5;"France"
11,9;0,39;0,69;2,8;0,095;17;35;0,9994;3,1;0,61;10,8;6;"France"
9;0,44;0,49;2,4;0,078;26;121;0,9978;3,23;0,58;9,2;5;"Chile"
8,3;0,625;0,2;1,5;0,08;27;119;0,9972;3,16;1,12;9,1;4;"Chile"
6,4;0,37;0,25;1,9;0,074;21;49;0,9974;3,57;0,62;9,8;6;"Spain"
6,5;0,32;0,34;5,7;0,044;27;91;0,99184;3,28;0,6;12;7;"Argentina"
7,3;0,67;0,05;3,6;0,107;6;20;0,9972;3,4;0,63;10,1;5;"Spain"
9,9;0,44;0,46;2,2;0,091;10;41;0,99638;3,18;0,69;11,9;6;"Spain"
6,3;0,76;0;2,9;0,072;26;52;0,99379;3,51;0,6;11,5;6;"France"
9,4;0,26;0,53;1,2;0,047;25;109;0,9921;3,23;0,28;12,5;6;"Argentina"
6,4;0,26;0,24;6,4;0,04;27;124;0,9903;3,22;0,49;12,6;7;"Argentina"
7,7;0,915;0,12;2,2;0,143;7;23;0,9964;3,35;0,65;10,2;7;"Chile"
7,1;0,26;0,34;14,4;0,067;35;189;0,9986;3,07;0,53;9,1;7;"Argentina"
9;0,39;0,4;1,3;0,044;25;50;0,99478;3,2;0,83;10,9;6;"France"
7,5;0,17;0,34;1,4;0,035;13;102;0,9918;3,05;0,74;11;5;"Argentina"
8,3;0,6;0,25;2,2;0,118;9;38;0,99616;3,15;0,53;9,8;5;"France"
7,7;0,15;0,29;1,3;0,029;10;64;0,9932;3,35;0,39;10,1;5;"Argentina"
9,2;0,52;1;3,4;0,61;32;69;0,9996;2,74;2;9,4;4;"Chile"
9,6;0,54;0,42;2,4;0,081;25;52;0,997;3,2;0,71;11,4;6;"Spain"
8,7;0,625;0,16;2;0,101;13;49;0,9962;3,14;0,57;11;5;"France"
10,3;0,27;0,24;2,1;0,072;15;33;0,9956;3,22;0,66;12,8;6;"France"
6,3;0,23;0,31;1,5;0,022;11;82;0,9892;3,3;0,4;12,9;7;"Argentina"
6,6;0,22;0,28;4,9;0,042;51;180;0,9952;3,3;0,75;9,5;6;"Argentina"
6,1;0,24;0,27;9,8;0,062;33;152;0,9966;3,31;0,47;9,5;6;"Argentina"
10,2;0,41;0,43;2,2;0,11;11;37;0,99728;3,16;0,67;10,8;5;"France"
7,1;0,63;0,06;2;0,083;8;29;0,99855;3,67;0,73;9,6;5;"Chile"
6,5;0,52;0,11;1,8;0,073;13;38;0,9955;3,34;0,52;9,3;5;"France"
13,2;0,38;0,55;2,7;0,081;5;16;1,0006;2,98;0,54;9,4;5;"Chile"
8,1;0,785;0,52;2;0,122;37;153;0,9969;3,21;0,69;9,3;5;"Chile"
5,7;0,1;0,27;1,3;0,047;21;100;0,9928;3,27;0,46;9,5;5;"Argentina"
9,1;0,3;0,41;2;0,068;10;24;0,99523;3,27;0,85;11,7;7;"Chile"
7,8;0,3;0,29;16,85;0,054;23;135;0,9998;3,16;0,38;9;6;"Argentina"
6,9;0,18;0,38;8,1;0,049;44;176;0,9958;3,3;0,54;9,8;6;"Argentina"
9,7;0,14;0,59;1,5;0,049;23;142;0,9958;2,98;0,62;9,5;5;"Argentina"
6,9;0,74;0,03;2,3;0,054;7;16;0,99508;3,45;0,63;11,5;6;"Chile"
7,2;0,25;0,37;2,5;0,063;11;41;0,99439;3,52;0,8;12,4;7;"Chile"
8,9;0,22;0,48;1,8;0,077;29;60;0,9968;3,39;0,53;9,4;6;"France"
10,2;0,67;0,39;1,9;0,054;6;17;0,9976;3,17;0,47;10;5;"France"
6,7;0,7;0,08;3,75;0,067;8;16;0,99334;3,43;0,52;12,6;5;"Chile"
6,8;0,16;0,36;1,3;0,034;32;98;0,99058;3,02;0,58;11,3;6;"Argentina"
8,4;0,56;0,08;2,1;0,105;16;44;0,9958;3,13;0,52;11;5;"Spain"
6,8;0,31;0,3;8;0,028;33;122;0,99164;3,13;0,63;12,6;7;"Argentina"
7,1;0,56;0,14;1,6;0,078;7;18;0,99592;3,27;0,62;9,3;5;"France"
8,6;0,83;0;2,8;0,095;17;43;0,99822;3,33;0,6;10,4;6;"Spain"
8,3;0,54;0,24;3,4;0,076;16;112;0,9976;3,27;0,61;9,4;5;"Spain"
7,9;0,2;0,35;1,7;0,054;7;15;0,99458;3,32;0,8;11,9;7;"Spain"
9,4;0,27;0,53;2,4;0,074;6;18;0,9962;3,2;1,13;12;7;"Chile"
9,5;0,46;0,49;6,3;0,064;5;17;0,9988;3,21;0,73;11;6;"France"
7,9;0,53;0,24;2;0,072;15;105;0,996;3,27;0,54;9,4;6;"Spain"
6;0,49;0;2,3;0,068;15;33;0,99292;3,58;0,59;12,5;6;"France"
6;0,25;0,4;5,7;0,052;56;152;0,99398;3,16;0,88;10,5;6;"Argentina"
7,3;0,48;0,32;2,1;0,062;31;54;0,99728;3,3;0,65;10;7;"Spain"
6;0,51;0;2,1;0,064;40;54;0,995;3,54;0,93;10,7;6;"Chile"
8,8;0,61;0,19;4;0,094;30;69;0,99787;3,22;0,5;10;6;"Spain"
11,5;0,45;0,5;3;0,078;19;47;1,0003;3,26;1,11;11;6;"Spain"
7,1;0,29;0,49;1,2;0,031;32;99;0,9893;3,07;0,33;12,2;6;"Argentina"
7,2;0,31;0,26;7,3;0,05;37;157;0,99625;3,09;0,43;9;5;"Argentina"
11,3;0,34;0,45;2;0,082;6;15;0,9988;2,94;0,66;9,2;6;"France"
8,5;0,46;0,31;2,25;0,078;32;58;0,998;3,33;0,54;9,8;5;"Spain"
6,1;0,6;0,08;1,8;0,071;14;45;0,99336;3,38;0,54;11;5;"France"
7,8;0,56;0,19;2;0,081;17;108;0,9962;3,32;0,54;9,5;5;"France"
7,1;0,65;0,18;1,8;0,07;13;40;0,997;3,44;0,6;9,1;5;"France"
6,8;0,61;0,2;1,8;0,077;11;65;0,9971;3,54;0,58;9,3;5;"Spain"
9,1;0,28;0,46;9;0,114;3;9;0,99901;3,18;0,6;10,9;6;"France"
8,2;0,28;0,6;3;0,104;10;22;0,99828;3,39;0,68;10,6;5;"Chile"
6,6;0,8;0,03;7,8;0,079;6;12;0,9963;3,52;0,5;12,2;5;"Chile"
7,1;0,13;0,4;1,2;0,047;54;134;0,9932;3,3;0,97;9,8;7;"Argentina"
8,3;0,65;0,1;2,9;0,089;17;40;0,99803;3,29;0,55;9,5;5;"Spain"
8,3;0,21;0,4;1,6;0,032;35;110;0,9907;3,02;0,6;12,9;7;"Argentina"
11,8;0,33;0,49;3,4;0,093;54;80;1,0002;3,3;0,76;10,7;7;"Chile"
7,2;0,63;0;1,9;0,097;14;38;0,99675;3,37;0,58;9;6;"Chile"
8,4;0,62;0,09;2,2;0,084;11;108;0,9964;3,15;0,66;9,8;5;"France"
7,2;0,53;0,13;2;0,058;18;22;0,99573;3,21;0,68;9,9;6;"Spain"
9,1;0,3;0,34;2;0,064;12;25;0,99516;3,26;0,84;11,7;7;"Chile"
10,4;0,26;0,48;1,9;0,066;6;10;0,99724;3,33;0,87;10,9;6;"Chile"
9,1;0,68;0,11;2,8;0,093;11;44;0,99888;3,31;0,55;9,5;6;"France"
9,4;0,27;0,53;2,4;0,074;6;18;0,9962;3,2;1,13;12;7;"France"
7,6;0,36;0,31;1,7;0,079;26;65;0,99716;3,46;0,62;9,5;6;"Spain"
7,4;0,6;0,26;7,3;0,07;36;121;0,9982;3,37;0,49;9,4;5;"France"
12,3;0,5;0,49;2,2;0,089;5;14;1,0002;3,19;0,44;9,6;5;"Spain"
7,7;0,49;0,26;1,9;0,062;9;31;0,9966;3,39;0,64;9,6;5;"Spain"
6,6;0,35;0,26;2,7;0,045;19;129;0,98952;3,24;0,48;13;7;"Argentina"
7,9;0,29;0,49;2,2;0,096;21;59;0,99714;3,31;0,67;10,1;6;"France"
7,2;0,835;0;2;0,166;4;11;0,99608;3,39;0,52;10;5;"France"
6,7;0,33;0,34;7,5;0,036;39;124;0,99123;2,99;0,32;12,4;8;"Argentina"
7;0,24;0,34;3;0,035;36;102;0,9905;3,18;0,43;12,2;6;"Argentina"
7,4;0,36;0,34;1,8;0,075;18;38;0,9933;3,38;0,88;13,6;7;"France"
6,7;0,67;0,02;1,9;0,061;26;42;0,99489;3,39;0,82;10,9;6;"Spain"
9,2;0,31;0,36;2,2;0,079;11;31;0,99615;3,33;0,86;12;7;"Chile"
10;0,35;0,45;2,5;0,092;20;88;0,99918;3,15;0,43;9,4;5;"Spain"
8;0,38;0,44;1,9;0,098;6;15;0,9956;3,3;0,64;11,4;6;"Spain"
6,2;0,32;0,12;4,8;0,054;6;97;0,99424;3,16;0,5;9,3;5;"Argentina"
6,5;0,38;0,26;5,2;0,042;33;112;0,99067;3,06;0,5;12,3;7;"Argentina"
10,3;0,34;0,52;2,8;0,159;15;75;0,9998;3,18;0,64;9,4;5;"France"
6,8;0,18;0,28;9,8;0,039;29;113;0,99406;3,11;0,45;10,9;7;"Argentina"
7;0,43;0,02;1,9;0,08;15;28;0,99492;3,35;0,81;10,6;6;"France"
7,5;0,58;0,03;4,1;0,08;27;46;0,99592;3,02;0,47;9,2;5;"Spain"
7,7;0,835;0;2,6;0,081;6;14;0,9975;3,3;0,52;9,3;5;"Chile"
9,9;0,4;0,53;6,7;0,097;6;19;0,9986;3,27;0,82;11,7;7;"Chile"
6,8;0,48;0,08;1,8;0,074;40;64;0,99529;3,12;0,49;9,6;5;"Spain"
9,8;0,34;0,39;1,4;0,066;3;7;0,9947;3,19;0,55;11,4;7;"France"
6,4;0,18;0,32;9,6;0,052;24;90;0,9963;3,35;0,49;9,4;6;"Argentina"
6,2;0,27;0,32;8,8;0,047;65;224;0,9961;3,17;0,47;8,9;5;"Argentina"
8,4;0,715;0,2;2,4;0,076;10;38;0,99735;3,31;0,64;9,4;5;"Spain"
8,1;0,33;0,36;7,4;0,037;36;156;0,99592;3,19;0,54;10,6;6;"Argentina"
8,5;0,46;0,59;1,4;0,414;16;45;0,99702;3,03;1,34;9,2;5;"France"
8,3;0,26;0,42;2;0,08;11;27;0,9974;3,21;0,8;9,4;6;"Spain"
6,8;0,61;0,04;1,5;0,057;5;10;0,99525;3,42;0,6;9,5;5;"Chile"
6,8;0,56;0,22;1,8;0,074;15;24;0,99438;3,4;0,82;11,2;6;"France"
8,4;0,19;0,43;2,1;0,052;20;104;0,994;2,85;0,46;9,5;5;"Argentina"
10,2;0,44;0,58;4,1;0,092;11;24;0,99745;3,29;0,99;12;7;"Chile"
10,8;0,89;0,3;2,6;0,132;7;60;0,99786;2,99;1,18;10,2;5;"France"
8;0,6;0,22;2,1;0,08;25;105;0,99613;3,3;0,49;9,9;5;"Chile"
7,3;0,91;0,1;1,8;0,074;20;56;0,99672;3,35;0,56;9,2;5;"Spain"
12,9;0,35;0,49;5,8;0,066;5;35;1,0014;3,2;0,66;12;7;"Spain"
7,5;0,58;0,2;2;0,073;34;44;0,99494;3,1;0,43;9,3;5;"Spain"
9,9;0,54;0,45;2,3;0,071;16;40;0,9991;3,39;0,62;9,4;5;"France"
5,8;0,24;0,26;10,05;0,039;63;162;0,99375;3,33;0,5;11,2;6;"Argentina"
8,5;0,37;0,2;2,8;0,09;18;58;0,998;3,34;0,7;9,6;6;"France"
6;0,54;0,06;1,8;0,05;38;89;0,99236;3,3;0,5;10,55;6;"Spain"
7,3;0,835;0,03;2,1;0,092;10;19;0,9966;3,39;0,47;9,6;5;"Spain"
6,9;0,635;0,17;2,4;0,241;6;18;0,9961;3,4;0,59;10,3;6;"France"
7,2;0,38;0,3;1,8;0,073;31;70;0,99685;3,42;0,59;9,5;6;"Chile"
7,2;0,655;0,03;1,8;0,078;7;12;0,99587;3,34;0,39;9,5;5;"France"
6,8;0,41;0,31;8,8;0,084;26;45;0,99824;3,38;0,64;10,1;6;"Chile"
11,2;0,5;0,74;5,15;0,1;5;17;0,9996;3,22;0,62;11,2;5;"Chile"
7;0,42;0,35;1,6;0,088;16;39;0,9961;3,34;0,55;9,2;5;"Spain"
6,9;0,75;0,13;6,3;0,036;19;50;0,99312;3,09;0,25;11,1;4;"Argentina"
6,9;0,52;0,25;2,6;0,081;10;37;0,99685;3,46;0,5;11;5;"France"
6,8;0,65;0,02;2,1;0,078;8;15;0,99498;3,35;0,62;10,4;6;"Chile"
8,1;0,545;0,18;1,9;0,08;13;35;0,9972;3,3;0,59;9;6;"Chile"
8,9;0,745;0,18;2,5;0,077;15;48;0,99739;3,2;0,47;9,7;6;"France"
15;0,21;0,44;2,2;0,075;10;24;1,00005;3,07;0,84;9,2;7;"France"
7,1;0,735;0,16;1,9;0,1;15;77;0,9966;3,27;0,64;9,3;5;"Chile"
8;0,28;0,44;1,8;0,081;28;68;0,99501;3,36;0,66;11,2;5;"Spain"
9,4;0,615;0,28;3,2;0,087;18;72;1,0001;3,31;0,53;9,7;5;"Spain"
8,2;0,17;0,32;1,5;0,05;17;101;0,994;3,14;0,58;9,5;5;"Argentina"
6,7;0,31;0,34;6,8;0,059;51;215;0,99538;3,33;0,56;10,3;5;"Argentina"
7,8;0,6;0,26;2;0,08;31;131;0,99622;3,21;0,52;9,9;5;"Spain"
9,6;0,38;0,31;2,5;0,096;16;49;0,9982;3,19;0,7;10;7;"Chile"
6,9;0,16;0,35;1,3;0,043;21;182;0,9927;3,25;0,62;10,8;6;"Argentina"
6,7;0,35;0,48;8,8;0,056;35;167;0,99628;3,04;0,47;9,4;5;"Argentina"
10,9;0,32;0,52;1,8;0,132;17;44;0,99734;3,28;0,77;11,5;6;"Spain"
7,2;0,23;0,38;14,3;0,058;55;194;0,9979;3,09;0,44;9;6;"Argentina"
10,4;0,575;0,61;2,6;0,076;11;24;1;3,16;0,69;9;5;"France"
6,9;0,74;0,03;2,3;0,054;7;16;0,99508;3,45;0,63;11,5;6;"France"
7,1;0,59;0,01;2,3;0,08;27;43;0,9955;3,42;0,58;10,7;6;"Chile"
9,9;0,59;0,07;3,4;0,102;32;71;1,00015;3,31;0,71;9,8;5;"France"
7,1;0,52;0,03;2,6;0,076;21;92;0,99745;3,5;0,6;9,8;5;"Spain"
9,4;0,3;0,56;2,8;0,08;6;17;0,9964;3,15;0,92;11,7;8;"Spain"
7,4;0,59;0,08;4,4;0,086;6;29;0,9974;3,38;0,5;9;4;"Spain"
7,5;0,4;0,18;1,6;0,079;24;58;0,9965;3,34;0,58;9,4;5;"Chile"
7,9;0,72;0,01;1,9;0,076;7;32;0,99668;3,39;0,54;9,6;5;"Spain"
8;0,45;0,23;2,2;0,094;16;29;0,9962;3,21;0,49;10,2;6;"Spain"
8,1;0,87;0;3,3;0,096;26;61;1,00025;3,6;0,72;9,8;4;"France"
8;0,45;0,28;10,8;0,051;25;157;0,9957;3,06;0,47;11,4;7;"Argentina"
7,2;0,6;0,04;2,5;0,076;18;88;0,99745;3,53;0,55;9,5;5;"France"
7,9;0,32;0,51;1,8;0,341;17;56;0,9969;3,04;1,08;9,2;6;"Chile"
7,1;0,875;0,05;5,7;0,082;3;14;0,99808;3,4;0,52;10,2;3;"France"
8,4;0,62;0,12;1,8;0,072;38;46;0,99504;3,38;0,89;11,8;6;"France"
9,1;0,6;0;1,9;0,058;5;10;0,9977;3,18;0,63;10,4;6;"Spain"
6,8;0,81;0,05;2;0,07;6;14;0,99562;3,51;0,66;10,8;6;"Spain"
7;0,65;0,02;2,1;0,066;8;25;0,9972;3,47;0,67;9,5;6;"Spain"
9,3;0,61;0,26;3,4;0,09;25;87;0,99975;3,24;0,62;9,7;5;"Spain"
7,7;0,53;0,06;1,7;0,074;9;39;0,99615;3,35;0,48;9,8;6;"Spain"
10;0,32;0,59;2,2;0,077;3;15;0,9994;3,2;0,78;9,6;5;"France"
6,2;0,43;0,22;1,8;0,078;21;56;0,99633;3,52;0,6;9,5;6;"Spain"
9,1;0,45;0,35;2,4;0,08;23;78;0,9987;3,38;0,62;9,5;5;"France"
12,3;0,39;0,63;2,3;0,091;6;18;1,0004;3,16;0,49;9,5;5;"France"
7,6;0,735;0,02;2,5;0,071;10;14;0,99538;3,51;0,71;11,7;7;"France"
7,2;0,49;0,18;2,7;0,069;13;34;0,9967;3,29;0,48;9,2;6;"Chile"
10;0,59;0,31;2,2;0,09;26;62;0,9994;3,18;0,63;10,2;6;"Spain"
8,9;0,875;0,13;3,45;0,088;4;14;0,9994;3,44;0,52;11,5;5;"Spain"
10,9;0,37;0,58;4;0,071;17;65;0,99935;3,22;0,78;10,1;5;"Spain"
9,9;0,54;0,26;2;0,111;7;60;0,99709;2,94;0,98;10,2;5;"Chile"
7,3;0,305;0,39;1,2;0,059;7;11;0,99331;3,29;0,52;11,5;6;"Chile"
7,3;0,34;0,33;2,5;0,064;21;37;0,9952;3,35;0,77;12,1;7;"Chile"
8;0,83;0,27;2;0,08;11;63;0,99652;3,29;0,48;9,8;4;"Chile"
7,9;0,19;0,42;1,6;0,057;18;30;0,994;3,29;0,69;11,2;6;"Chile"
9,9;0,35;0,55;2,1;0,062;5;14;0,9971;3,26;0,79;10,6;5;"Spain"
7,1;0,39;0,12;2,1;0,065;14;24;0,99252;3,3;0,53;13,3;6;"Spain"
8,2;0,32;0,42;2,3;0,098;3;9;0,99506;3,27;0,55;12,3;6;"Spain"
7,4;0,5;0,47;2;0,086;21;73;0,997;3,36;0,57;9,1;5;"Chile"
7,8;0,545;0,12;2,5;0,068;11;35;0,996;3,34;0,61;11,6;6;"France"
6,1;0,56;0;2,2;0,079;6;9;0,9948;3,59;0,54;11,5;6;"Chile"
7,8;0,59;0,18;2,3;0,076;17;54;0,9975;3,43;0,59;10;5;"Chile"
6,8;0,47;0,08;2,2;0,064;18;38;0,99553;3,3;0,65;9,6;6;"Chile"
6,6;0,52;0,04;2,2;0,069;8;15;0,9956;3,4;0,63;9,4;6;"Spain"
5;0,44;0,04;18,6;0,039;38;128;0,9985;3,37;0,57;10,2;6;"Argentina"
8,4;0,67;0,19;2,2;0,093;11;75;0,99736;3,2;0,59;9,2;4;"France"
8,9;0,48;0,24;2,85;0,094;35;106;0,9982;3,1;0,53;9,2;5;"Spain"
8,5;0,47;0,27;1,9;0,058;18;38;0,99518;3,16;0,85;11,1;6;"Spain"
7,2;0,37;0,32;2;0,062;15;28;0,9947;3,23;0,73;11,3;7;"Spain"
10,1;0,38;0,5;2,4;0,104;6;13;0,99643;3,22;0,65;11,6;7;"Spain"
7,2;0,695;0,13;2;0,076;12;20;0,99546;3,29;0,54;10,1;5;"Chile"
6,8;0,56;0,22;1,8;0,074;15;24;0,99438;3,4;0,82;11,2;6;"Chile"
7,2;0,13;0,46;1,3;0,044;48;111;0,99127;2,97;0,45;11,1;5;"Argentina"
6,5;0,63;0,33;1,8;0,059;16;28;0,99531;3,36;0,64;10,1;6;"Spain"
7;0,62;0,18;1,5;0,062;7;50;0,9951;3,08;0,6;9,3;5;"Chile"
7,7;0,28;0,58;12,1;0,046;60;177;0,9983;3,08;0,46;8,9;5;"Argentina"
7;0,58;0,12;1,9;0,091;34;124;0,9956;3,44;0,48;10,5;5;"Spain"
9,9;0,35;0,41;2,3;0,083;11;61;0,9982;3,21;0,5;9,5;5;"Chile"
11,9;0,43;0,66;3,1;0,109;10;23;1;3,15;0,85;10,4;7;"Spain"
8,9;0,24;0,33;15,75;0,035;16;132;0,996;3;0,37;12,1;6;"Argentina"
8,5;0,32;0,36;14,9;0,041;47;190;0,9982;3,08;0,31;10;6;"Argentina"
8,1;1,33;0;1,8;0,082;3;12;0,9964;3,54;0,48;10,9;5;"Chile"
6,5;0,615;0;1,9;0,065;9;18;0,9972;3,46;0,65;9,2;5;"Spain"
6;0,615;0,04;0,8;0,032;8;50;0,99036;3,14;0,4;11;4;"Argentina"
6,9;0,33;0,62;7,5;0,038;46;132;0,99143;3,23;0,43;13,4;7;"Argentina"
7,9;0,21;0,39;2;0,057;21;138;0,99176;3,05;0,52;10,9;5;"Argentina"
6,2;0,785;0;2,1;0,06;6;13;0,99664;3,59;0,61;10;4;"France"
6,9;0,84;0,21;4,1;0,074;16;65;0,99842;3,53;0,72;9,23333333333333;6;"France"
7,8;0,16;0,41;1,7;0,026;29;140;0,991;3,02;0,78;12,5;6;"Argentina"
12,8;0,615;0,66;5,8;0,083;7;42;1,0022;3,07;0,73;10;7;"Spain"
6,8;0,36;0,32;1,8;0,067;4;8;0,9928;3,36;0,55;12,8;7;"France"
6,3;0,2;0,3;5,9;0,034;35;152;0,99642;3,47;0,4;8,5;6;"Argentina"
8,3;0,78;0,1;2,6;0,081;45;87;0,9983;3,48;0,53;10;5;"France"
7,5;0,61;0,26;1,9;0,073;24;88;0,99612;3,3;0,53;9,8;5;"France"
5,1;0,585;0;1,7;0,044;14;86;0,99264;3,56;0,94;12,9;7;"Spain"
6,8;0,64;0,03;2,3;0,075;14;31;0,99545;3,36;0,58;10,4;6;"Spain"
7,2;0,39;0,54;1,4;0,157;34;132;0,99449;3,11;0,53;9;6;"Argentina"
6,2;0,38;0,18;7,4;0,095;28;195;0,99773;3,53;0,71;9,2;4;"Argentina"
7,4;0,16;0,27;15,5;0,05;25;135;0,9984;2,9;0,43;8,7;7;"Argentina"
7,3;0,67;0,02;2,2;0,072;31;92;0,99566;3,32;0,68;11,0666666666667;6;"Chile"
7,8;0,54;0,26;2;0,088;23;48;0,9981;3,41;0,74;9,2;6;"France"
8,1;0,575;0,22;2,1;0,077;12;65;0,9967;3,29;0,51;9,2;5;"Chile"
7,7;0,28;0,3;2;0,062;18;34;0,9952;3,28;0,9;11,3;7;"France"
7;0,54;0,09;2;0,081;10;16;0,99479;3,43;0,59;11,5;6;"Spain"
7,4;0,25;0,37;2,6;0,05;24;132;0,99138;3,04;0,53;11,2;6;"Argentina"
8,5;0,66;0,2;2,1;0,097;23;113;0,99733;3,13;0,48;9,2;5;"Spain"
9,3;0,48;0,29;2,1;0,127;6;16;0,9968;3,22;0,72;11,2;5;"Chile"
7,7;0,69;0,05;2,7;0,075;15;27;0,9974;3,26;0,61;9,1;5;"Spain"
7,5;0,755;0;1,9;0,084;6;12;0,99672;3,34;0,49;9,7;4;"Chile"
6,9;0,21;0,33;1,8;0,034;48;136;0,9899;3,25;0,41;12,6;7;"Argentina"
7,2;0,45;0,15;2;0,078;10;28;0,99609;3,29;0,51;9,9;6;"Chile"
6,8;0,22;0,37;15,2;0,051;68;178;0,99935;3,4;0,85;9,3;6;"Argentina"
7,5;0,6;0,32;2,7;0,103;13;98;0,99938;3,45;0,62;9,5;5;"Chile"
7,7;0,43;0,25;2,6;0,073;29;63;0,99615;3,37;0,58;10,5;6;"France"
6,8;0,19;0,36;1,9;0,035;30;96;0,9917;3,15;0,54;10,8;7;"Argentina"
8;0,24;0,48;6,8;0,047;13;134;0,99616;3,23;0,7;10;5;"Argentina"
8,7;0,78;0,51;1,7;0,415;12;66;0,99623;3;1,17;9,2;5;"Spain"
6,6;0,855;0,02;2,4;0,062;15;23;0,99627;3,54;0,6;11;6;"Spain"
6;0,17;0,36;1,7;0,042;14;61;0,99144;3,22;0,54;10,8;6;"Argentina"
8,3;0,42;0,38;2,5;0,094;24;60;0,9979;3,31;0,7;10,8;6;"France"
9,2;0,16;0,49;2;0,044;18;107;0,99514;3,1;0,53;10,2;4;"Argentina"
9,4;0,5;0,34;3,6;0,082;5;14;0,9987;3,29;0,52;10,7;6;"France"
7,5;0,38;0,57;2,3;0,106;5;12;0,99605;3,36;0,55;11,4;6;"France"
7;0,34;0,39;6,9;0,066;43;162;0,99561;3,11;0,53;9,5;5;"Argentina"
8;0,18;0,37;0,9;0,049;36;109;0,99007;2,89;0,44;12,7;6;"France"
8,1;0,545;0,18;1,9;0,08;13;35;0,9972;3,3;0,59;9;6;"Spain"
6,8;0,64;0;2,7;0,123;15;33;0,99538;3,44;0,63;11,3;6;"France"
8,7;0,63;0,28;2,7;0,096;17;69;0,99734;3,26;0,63;10,2;6;"Chile"
7,9;0,33;0,23;1,7;0,077;18;45;0,99625;3,29;0,65;9,3;5;"Chile"
5,9;0,42;0,36;2,4;0,034;19;77;0,99184;3,25;0,48;10,9;5;"Argentina"
9;0,45;0,49;2,6;0,084;21;75;0,9987;3,35;0,57;9,7;5;"France"
10;0,49;0,2;11;0,071;13;50;1,0015;3,16;0,69;9,2;6;"Chile"
10,8;0,32;0,44;1,6;0,063;16;37;0,9985;3,22;0,78;10;6;"France"
9,9;0,5;0,5;13,8;0,205;48;82;1,00242;3,16;0,75;8,8;5;"Spain"
7,2;0,635;0,07;2,6;0,077;16;86;0,99748;3,51;0,54;9,7;5;"Chile"
7,4;0,29;0,38;1,7;0,062;9;30;0,9968;3,41;0,53;9,5;6;"Spain"
7,2;0,49;0,24;2,2;0,07;5;36;0,996;3,33;0,48;9,4;5;"Spain"
12,5;0,38;0,6;2,6;0,081;31;72;0,9996;3,1;0,73;10,5;5;"Chile"
7;0,5;0,25;2;0,07;3;22;0,9963;3,25;0,63;9,2;5;"Chile"
7,2;0,24;0,36;2;0,029;21;63;0,99076;3,13;0,63;12,5;6;"Argentina"
11,1;0,35;0,48;3,1;0,09;5;21;0,9986;3,17;0,53;10,5;5;"Spain"
10,2;0,29;0,65;2,4;0,075;6;17;0,99565;3,22;0,63;11,8;6;"France"
7,7;0,39;0,49;7,7;0,036;11;110;0,9966;3,33;0,76;10;6;"Argentina"
7,1;0,715;0;2,35;0,071;21;47;0,99632;3,29;0,45;9,4;5;"Spain"
12,9;0,5;0,55;2,8;0,072;7;24;1,00012;3,09;0,68;10,9;6;"France"
8,9;0,38;0,4;2,2;0,068;12;28;0,99486;3,27;0,75;12,6;7;"France"
10,6;0,36;0,6;2,2;0,152;7;18;0,9986;3,04;1,06;9,4;5;"Chile"
8,3;0,66;0,15;1,9;0,079;17;42;0,9972;3,31;0,54;9,6;6;"Chile"
7,8;0,39;0,26;9,9;0,059;33;181;0,9955;3,04;0,42;10,9;6;"Argentina"
7,3;0,19;0,27;1,6;0,027;35;136;0,99248;3,38;0,54;11;7;"Argentina"
9,5;0,37;0,52;2;0,088;12;51;0,99613;3,29;0,58;11,1;6;"Spain"
10,4;0,26;0,48;1,9;0,066;6;10;0,99724;3,33;0,87;10,9;6;"Chile"
5;0,74;0;1,2;0,041;16;46;0,99258;4,01;0,59;12,5;6;"France"
6,6;0,39;0,49;1,7;0,07;23;149;0,9922;3,12;0,5;11,5;6;"Chile"
9,5;0,86;0,26;1,9;0,079;13;28;0,99712;3,25;0,62;10;5;"Chile"
9,1;0,4;0,57;4,6;0,08;6;20;0,99652;3,28;0,57;12,5;6;"Spain"
7,2;0,655;0,03;1,8;0,078;7;12;0,99587;3,34;0,39;9,5;5;"Chile"
9,8;0,5;0,34;2,3;0,094;10;45;0,99864;3,24;0,6;9,7;7;"Chile"
5,2;0,645;0;2,15;0,08;15;28;0,99444;3,78;0,61;12,5;6;"Chile"
10,4;0,44;0,73;6,55;0,074;38;76;0,999;3,17;0,85;12;7;"Chile"
6,3;0,3;0,19;7,7;0,049;47;184;0,99514;3,22;0,48;9,5;5;"Argentina"
6,2;0,57;0,1;2,1;0,048;4;11;0,99448;3,44;0,76;10,8;6;"Chile"
5,6;0,66;0;2,2;0,087;3;11;0,99378;3,71;0,63;12,8;7;"France"
9,4;0,43;0,24;2,8;0,092;14;45;0,998;3,19;0,73;10;6;"Chile"
8,2;0,2;0,43;2,5;0,076;31;51;0,99672;3,53;0,81;10,4;6;"France"
8,6;0,52;0,38;1,5;0,096;5;18;0,99666;3,2;0,52;9,4;5;"Chile"
8,6;0,52;0,38;1,5;0,096;5;18;0,99666;3,2;0,52;9,4;5;"France"
6,9;0,2;0,34;1,9;0,043;25;136;0,9935;3,31;0,6;10,1;4;"Argentina"
9,1;0,76;0,68;1,7;0,414;18;64;0,99652;2,9;1,33;9,1;6;"France"
6,9;0,51;0,23;2;0,072;13;22;0,99438;3,4;0,84;11,2;6;"France"
6,8;0,67;0,15;1,8;0,118;13;20;0,9954;3,42;0,67;11,3;6;"Spain"
6,2;0,25;0,38;7,9;0,045;54;208;0,99572;3,17;0,46;9,1;5;"Argentina"
7,5;0,26;0,26;18,35;0,084;33;139;1,0011;3,17;0,39;8,8;5;"Argentina"
7;0,26;0,26;10,8;0,039;37;184;0,99787;3,47;0,58;10,3;7;"Argentina"
9;0,48;0,32;2,8;0,084;21;122;0,9984;3,32;0,62;9,4;5;"France"
7;0,69;0,07;2,5;0,091;15;21;0,99572;3,38;0,6;11,3;6;"Spain"
6,1;0,41;0,2;12,6;0,032;54;136;0,99516;2,91;0,43;10,6;6;"Argentina"
4,8;0,13;0,32;1,2;0,042;40;98;0,9898;3,42;0,64;11,8;7;"Argentina"
7,9;0,66;0;1,4;0,096;6;13;0,99569;3,43;0,58;9,5;5;"France"
7,7;0,26;0,3;1,7;0,059;20;38;0,9949;3,29;0,47;10,8;6;"Chile"
11,6;0,44;0,64;2,1;0,059;5;15;0,998;3,21;0,67;10,2;6;"Spain"
6,2;0,44;0,39;2,5;0,077;6;14;0,99555;3,51;0,69;11;6;"France"
7,1;0,59;0;2,2;0,078;26;44;0,99522;3,42;0,68;10,8;6;"Chile"
11,3;0,62;0,67;5,2;0,086;6;19;0,9988;3,22;0,69;13,4;8;"Spain"
10,7;0,9;0,34;6,6;0,112;23;99;1,00289;3,22;0,68;9,3;5;"France"
12,4;0,35;0,49;2,6;0,079;27;69;0,9994;3,12;0,75;10,4;6;"France"
7;0,6;0,12;2,2;0,083;13;28;0,9966;3,52;0,62;10,2;7;"Chile"
7,6;0,39;0,31;2,3;0,082;23;71;0,9982;3,52;0,65;9,7;5;"France"
3,9;0,225;0,4;4,2;0,03;29;118;0,989;3,57;0,36;12,8;8;"Argentina"
6,3;0,3;0,34;1,6;0,049;14;132;0,994;3,3;0,49;9,5;6;"Argentina"
10,6;0,83;0,37;2,6;0,086;26;70;0,9981;3,16;0,52;9,9;5;"France"
7,1;0,43;0,17;1,8;0,082;27;51;0,99634;3,49;0,64;10,4;5;"France"
12,6;0,31;0,72;2,2;0,072;6;29;0,9987;2,88;0,82;9,8;8;"Chile"
6,6;0,895;0,04;2,3;0,068;7;13;0,99582;3,53;0,58;10,8;6;"Chile"
7,6;0,43;0,4;2,7;0,082;6;11;0,99538;3,44;0,54;12,2;6;"Chile"
9,6;0,42;0,35;2,1;0,083;17;38;0,99622;3,23;0,66;11,1;6;"Chile"
9,4;0,4;0,47;2,5;0,087;6;20;0,99772;3,15;0,5;10,5;5;"Spain"
5,6;0,615;0;1,6;0,089;16;59;0,9943;3,58;0,52;9,9;5;"Chile"
9,9;0,32;0,56;2;0,073;3;8;0,99534;3,15;0,73;11,4;6;"Spain"
8;1,18;0,21;1,9;0,083;14;41;0,99532;3,34;0,47;10,5;5;"France"
7,2;0,19;0,31;1,6;0,062;31;173;0,9917;3,35;0,44;11,7;6;"Argentina"
8,8;0,59;0,18;2,9;0,089;12;74;0,99738;3,14;0,54;9,4;5;"Spain"
6,9;0,19;0,35;6,9;0,045;51;125;0,9933;3,1;0,44;10,7;7;"Argentina"
11;0,3;0,58;2,1;0,054;7;19;0,998;3,31;0,88;10,5;7;"Spain"
5,8;0,29;0,26;1,7;0,063;3;11;0,9915;3,39;0,54;13,5;6;"France"
13,3;0,34;0,52;3,2;0,094;17;53;1,0014;3,05;0,81;9,5;6;"Chile"
7,2;0,14;0,35;1,2;0,036;15;73;0,9938;3,46;0,39;9,9;5;"Argentina"
8,1;0,82;0;4,1;0,095;5;14;0,99854;3,36;0,53;9,6;5;"Spain"
6,8;0,28;0,44;9,3;0,031;35;137;0,9946;3,16;0,36;10,4;6;"Argentina"
7,2;0,37;0,32;2;0,062;15;28;0,9947;3,23;0,73;11,3;7;"Spain"
6,4;0,79;0,04;2,2;0,061;11;17;0,99588;3,53;0,65;10,4;6;"France"
7,2;1;0;3;0,102;7;16;0,99586;3,43;0,46;10;5;"Chile"
11,8;0,38;0,55;2,1;0,071;5;19;0,9986;3,11;0,62;10,8;6;"France"
9,6;0,56;0,31;2,8;0,089;15;46;0,9979;3,11;0,92;10;6;"Chile"
9,1;0,25;0,34;2;0,071;45;67;0,99769;3,44;0,86;10,2;7;"France"
7,7;0,61;0,18;2,4;0,083;6;20;0,9963;3,29;0,6;10,2;6;"France"
7,9;0,43;0,21;1,6;0,106;10;37;0,9966;3,17;0,91;9,5;5;"France"
8,7;0,29;0,52;1,6;0,113;12;37;0,9969;3,25;0,58;9,5;5;"Chile"
12,8;0,615;0,66;5,8;0,083;7;42;1,0022;3,07;0,73;10;7;"Chile"
10,9;0,39;0,47;1,8;0,118;6;14;0,9982;3,3;0,75;9,8;6;"Chile"
7,9;0,4;0,29;1,8;0,157;1;44;0,9973;3,3;0,92;9,5;6;"Spain"
8,2;0,78;0;2,2;0,089;13;26;0,9978;3,37;0,46;9,6;4;"France"
7,3;0,52;0,32;2,1;0,07;51;70;0,99418;3,34;0,82;12,9;6;"Spain"
6,6;0,38;0,29;2,9;0,035;15;101;0,98916;3,04;0,37;12,5;6;"Argentina"
7,9;0,72;0,17;2,6;0,096;20;38;0,9978;3,4;0,53;9,5;5;"France"
6,7;0,28;0,28;2,4;0,012;36;100;0,99064;3,26;0,39;11,7;7;"Spain"
10,6;0,28;0,39;15,5;0,069;6;23;1,0026;3,12;0,66;9,2;5;"France"
10,5;0,43;0,35;3,3;0,092;24;70;0,99798;3,21;0,69;10,5;6;"France"
7,6;0,685;0,23;2,3;0,111;20;84;0,9964;3,21;0,61;9,3;5;"Spain"
6,3;0,28;0,22;9,5;0,04;30;111;0,99338;3,05;0,31;10,8;4;"Argentina"
9,4;0,685;0,26;2,4;0,082;23;143;0,9978;3,28;0,55;9,4;5;"France"
7,8;0,88;0;2,6;0,098;25;67;0,9968;3,2;0,68;9,8;5;"Spain"
7,3;0,32;0,23;2,3;0,066;35;70;0,99588;3,43;0,62;10,1;5;"Chile"
7,1;0,145;0,33;4,6;0,05;33;131;0,9942;3,28;0,4;9,6;6;"Argentina"
7,6;0,35;0,47;13,3;0,037;42;116;0,99822;3,04;0,5;9,2;5;"Argentina"
7,8;0,44;0,28;2,7;0,1;18;95;0,9966;3,22;0,67;9,4;5;"Chile"
6,2;0,33;0,41;16,8;0,037;58;173;0,99882;3,25;0,57;9,4;6;"Argentina"
10,4;0,33;0,63;2,8;0,084;5;22;0,9998;3,26;0,74;11,2;7;"France"
7,3;1,07;0,09;1,7;0,178;10;89;0,9962;3,3;0,57;9;5;"Spain"
6,4;0,42;0,09;2,3;0,054;34;64;0,99724;3,41;0,68;10,4;6;"Chile"
6,3;0,33;0,42;17,2;0,037;57;170;0,99884;3,26;0,57;9,4;6;"Argentina"
6,8;0,22;0,3;13,6;0,055;50;180;0,9984;3,44;0,39;9,8;5;"Argentina"
6,4;0,56;0,15;1,8;0,078;17;65;0,99294;3,33;0,6;10,5;6;"Chile"
6,3;0,25;0,44;11,6;0,041;48;195;0,9968;3,18;0,52;9,5;5;"Argentina"
12,5;0,46;0,63;2;0,071;6;15;0,9988;2,99;0,87;10,2;5;"Spain"
6,2;0,66;0,48;1,2;0,029;29;75;0,9892;3,33;0,39;12,8;8;"Argentina"
6,3;0,6;0,1;1,6;0,048;12;26;0,99306;3,55;0,51;12,1;5;"Chile"
7,5;0,27;0,34;2,3;0,05;4;8;0,9951;3,4;0,64;11;7;"France"
6,4;0,57;0,14;3,9;0,07;27;73;0,99669;3,32;0,48;9,2;5;"Chile"
11,6;0,42;0,53;3,3;0,105;33;98;1,001;3,2;0,95;9,2;5;"Spain"
6,7;0,46;0,24;1,7;0,077;18;34;0,9948;3,39;0,6;10,6;6;"Spain"
6,4;0,28;0,44;7,1;0,048;49;179;0,99528;3,15;0,48;9,2;5;"Argentina"
7,2;0,695;0,13;2;0,076;12;20;0,99546;3,29;0,54;10,1;5;"Chile"
7,8;0,48;0,68;1,7;0,415;14;32;0,99656;3,09;1,06;9,1;6;"Chile"
13,2;0,46;0,52;2,2;0,071;12;35;1,0006;3,1;0,56;9;6;"France"
8,2;0,4;0,44;2,8;0,089;11;43;0,9975;3,53;0,61;10,5;6;"Chile"
6,4;0,2;0,22;7,4;0,032;53;172;0,99404;3,24;0,58;11;6;"Argentina"
11,9;0,37;0,69;2,3;0,078;12;24;0,9958;3;0,65;12,8;6;"France"
6,5;0,18;0,26;1,4;0,041;40;141;0,9941;3,34;0,72;9,5;6;"Argentina"
8,8;0,46;0,45;2,6;0,065;7;18;0,9947;3,32;0,79;14;6;"Spain"
8;0,62;0,35;2,8;0,086;28;52;0,997;3,31;0,62;10,8;5;"Chile"
5,2;0,32;0,25;1,8;0,103;13;50;0,9957;3,38;0,55;9,2;5;"France"
7,5;0,38;0,57;2,3;0,106;5;12;0,99605;3,36;0,55;11,4;6;"Chile"
7,6;0,79;0,21;2,3;0,087;21;68;0,9955;3,12;0,44;9,2;5;"France"
13,7;0,415;0,68;2,9;0,085;17;43;1,0014;3,06;0,8;10;6;"France"
8,8;0,4;0,4;2,2;0,079;19;52;0,998;3,44;0,64;9,2;5;"Chile"
8,5;0,28;0,35;1,7;0,061;6;15;0,99524;3,3;0,74;11,8;7;"Chile"
9,8;0,5;0,49;2,6;0,25;5;20;0,999;3,31;0,79;10,7;6;"Spain"
10,4;0,61;0,49;2,1;0,2;5;16;0,9994;3,16;0,63;8,4;3;"France"
7,9;0,58;0,23;2,3;0,076;23;94;0,99686;3,21;0,58;9,5;6;"France"
6,4;0,16;0,28;2,2;0,042;33;93;0,9914;3,31;0,43;11,1;6;"Argentina"
5,9;0,44;0,36;2,5;0,03;12;73;0,99201;3,22;0,48;10,8;6;"Argentina"
6,8;0,41;0,31;8,8;0,084;26;45;0,99824;3,38;0,64;10,1;6;"France"
8,5;0,21;0,26;9,25;0,034;73;142;0,9945;3,05;0,37;11,4;6;"Argentina"
8,4;0,56;0,04;2;0,082;10;22;0,9976;3,22;0,44;9,6;5;"France"
6,4;0,24;0,23;2;0,046;30;133;0,9908;3,12;0,54;11,4;7;"Argentina"
9,1;0,795;0;2,6;0,096;11;26;0,9994;3,35;0,83;9,4;6;"France"
7,2;0,38;0,31;2;0,056;15;29;0,99472;3,23;0,76;11,3;8;"Spain"
7,8;0,58;0,02;2;0,073;9;18;0,9968;3,36;0,57;9,5;7;"Spain"
5;1,04;0,24;1,6;0,05;32;96;0,9934;3,74;0,62;11,5;5;"Spain"
7,4;0,19;0,49;6,7;0,037;15;110;0,9938;3,2;0,38;11;7;"Argentina"
6,1;0,705;0,1;2,8;0,081;13;28;0,99631;3,6;0,66;10,2;5;"France"
5,1;0,42;0;1,8;0,044;18;88;0,99157;3,68;0,73;13,6;7;"Spain"
9,2;0,25;0,34;1,2;0,026;31;93;0,9916;2,93;0,37;11,3;7;"Argentina"
8,3;0,28;0,48;2,1;0,093;6;12;0,99408;3,26;0,62;12,4;7;"Spain"
8,2;0,33;0,39;2,5;0,074;29;48;0,99528;3,32;0,88;12,4;7;"Chile"
7,2;0,26;0,38;1,5;0,061;12;120;0,99192;3,18;0,46;10,4;5;"Argentina"
7;0,21;0,28;8,6;0,045;37;221;0,9954;3,25;0,54;10,4;6;"Argentina"
7,2;0,34;0,21;2,5;0,075;41;68;0,99586;3,37;0,54;10,1;6;"France"
6,1;0,58;0,23;2,5;0,044;16;70;0,99352;3,46;0,65;12,5;6;"Chile"
6,4;0,32;0,23;16,2;0,055;36;176;0,9986;3,26;0,54;9,1;5;"Argentina"
9,1;0,775;0,22;2,2;0,079;12;48;0,9976;3,18;0,51;9,6;5;"France"
8,4;0,745;0,11;1,9;0,09;16;63;0,9965;3,19;0,82;9,6;5;"France"
7,8;0,25;0,28;7,2;0,04;46;179;0,99541;3,14;0,6;10,1;6;"Argentina"
6,7;0,75;0,12;2;0,086;12;80;0,9958;3,38;0,52;10,1;5;"Spain"
11,8;0,26;0,52;1,8;0,071;6;10;0,9968;3,2;0,72;10,2;7;"France"
7,3;0,59;0,26;2;0,08;17;104;0,99584;3,28;0,52;9,9;5;"France"
7,2;0,39;0,32;1,8;0,065;34;60;0,99714;3,46;0,78;9,9;5;"Spain"
9,6;0,88;0,28;2,4;0,086;30;147;0,9979;3,24;0,53;9,4;5;"France"
13,3;0,43;0,58;1,9;0,07;15;40;1,0004;3,06;0,49;9;5;"France"
10,4;0,44;0,73;6,55;0,074;38;76;0,999;3,17;0,85;12;7;"Spain"
6,2;0,36;0,24;2,2;0,095;19;42;0,9946;3,57;0,57;11,7;6;"Spain"
7,7;0,26;0,34;6,4;0,05;36;163;0,9937;3,19;0,7;11,5;6;"Argentina"
6,8;0,3;0,24;6,6;0,123;35;116;0,9953;3,07;0,48;9,4;5;"Argentina"
7,2;0,36;0,46;2,1;0,074;24;44;0,99534;3,4;0,85;11;7;"Spain"
7,1;0,43;0,17;1,8;0,082;27;51;0,99634;3,49;0,64;10,4;5;"Chile"
7,1;0,46;0,2;1,9;0,077;28;54;0,9956;3,37;0,64;10,4;6;"Chile"
11,9;0,58;0,66;2,5;0,072;6;37;0,9992;3,05;0,56;10;5;"Spain"
9,6;0,32;0,47;1,4;0,056;9;24;0,99695;3,22;0,82;10,3;7;"Spain"
7,2;0,53;0,14;2,1;0,064;15;29;0,99323;3,35;0,61;12,1;6;"France"
7,5;0,58;0,56;3,1;0,153;5;14;0,99476;3,21;1,03;11,6;6;"Spain"
5,6;0,66;0;2,5;0,066;7;15;0,99256;3,52;0,58;12,9;5;"Chile"
7,6;0,31;0,34;2,5;0,082;26;35;0,99356;3,22;0,59;12,5;7;"France"
7,7;0,18;0,35;5,8;0,055;25;144;0,99576;3,24;0,54;10,2;6;"Argentina"
7,5;0,32;0,49;1,7;0,031;44;109;0,9906;3,07;0,46;12,5;6;"Argentina"
7,6;0,9;0,06;2,5;0,079;5;10;0,9967;3,39;0,56;9,8;5;"France"
5,4;0,74;0;1,2;0,041;16;46;0,99258;4,01;0,59;12,5;6;"France"
6;0,31;0,32;7,4;0,175;47;159;0,9952;3,19;0,5;9,4;6;"Argentina"
5,9;0,25;0,24;7,4;0,044;21;113;0,99462;3,38;0,58;10,5;6;"Argentina"
5,9;0,25;0,25;11,3;0,052;30;165;0,997;3,24;0,44;9,5;6;"Argentina"
8,1;0,725;0,22;2,2;0,072;11;41;0,9967;3,36;0,55;9,1;5;"France"
5;0,4;0,5;4,3;0,046;29;80;0,9902;3,49;0,66;13,6;6;"France"
5,1;0,47;0,02;1,3;0,034;18;44;0,9921;3,9;0,62;12,8;6;"Spain"
7,5;0,53;0,06;2,6;0,086;20;44;0,9965;3,38;0,59;10,7;6;"Chile"
8,3;0,16;0,48;1,7;0,057;31;98;0,9943;3,15;0,41;10,3;6;"Argentina"
7,5;0,57;0,08;2,6;0,089;14;27;0,99592;3,3;0,59;10,4;6;"Chile"
7,4;0,53;0,26;2;0,101;16;72;0,9957;3,15;0,57;9,4;5;"Spain"
8,3;0,28;0,48;2,1;0,093;6;12;0,99408;3,26;0,62;12,4;7;"France"
10,3;0,53;0,48;2,5;0,063;6;25;0,9998;3,12;0,59;9,3;6;"France"
6,7;0,54;0,13;2;0,076;15;36;0,9973;3,61;0,64;9,8;5;"France"
7;0,3;0,38;14,9;0,032;60;181;0,9983;3,18;0,61;9,3;7;"Argentina"
6;0,27;0,28;4,8;0,063;31;201;0,9964;3,69;0,71;10;5;"Argentina"
7,9;0,43;0,21;1,6;0,106;10;37;0,9966;3,17;0,91;9,5;5;"Chile"
6,8;0,68;0,09;3,9;0,068;15;29;0,99524;3,41;0,52;11,1;4;"France"
10,5;0,51;0,64;2,4;0,107;6;15;0,9973;3,09;0,66;11,8;7;"Chile"
7;0,46;0,2;16,7;0,046;50;184;0,99898;3,08;0,56;9,4;5;"Argentina"
7,2;0,34;0,32;2,5;0,09;43;113;0,9966;3,32;0,79;11,1;5;"Spain"
12,5;0,6;0,49;4,3;0,1;5;14;1,001;3,25;0,74;11,9;6;"France"
10,9;0,53;0,49;4,6;0,118;10;17;1,0002;3,07;0,56;11,7;6;"France"
8,5;0,24;0,39;10,4;0,044;20;142;0,9974;3,2;0,53;10;6;"Argentina"
7,8;0,34;0,37;2;0,082;24;58;0,9964;3,34;0,59;9,4;6;"France"
5,8;0,68;0,02;1,8;0,087;21;94;0,9944;3,54;0,52;10;5;"Spain"
7,1;0,84;0,02;4,4;0,096;5;13;0,997;3,41;0,57;11;4;"France"
5,2;0,6;0,07;7;0,044;33;147;0,9944;3,33;0,58;9,7;5;"Argentina"
6,3;0,27;0,37;7,9;0,047;58;215;0,99542;3,19;0,48;9,5;6;"Argentina"
8,4;0,36;0,32;2,2;0,081;32;79;0,9964;3,3;0,72;11;6;"Spain"
9,6;0,6;0,5;2,3;0,079;28;71;0,9997;3,5;0,57;9,7;5;"Spain"
7,8;0,5;0,17;1,6;0,082;21;102;0,996;3,39;0,48;9,5;5;"Spain"
8;0,77;0,32;2,1;0,079;16;74;0,99656;3,27;0,5;9,8;6;"Spain"
7,1;0,43;0,42;5,5;0,07;29;129;0,9973;3,42;0,72;10,5;5;"France"
