"fixed.acidity","volatile.acidity","citric.acidity","residual.sugar","chlorides","free.sulfur.dioxide","total.sulfur.dioxide","density","pH","sulphates","alcohol","quality","country"
12.4,0.49,0.58,3,0.103,28,99,1.0008,3.16,1,11.5,6,"France"
7,0.22,0.24,11,0.041,75,167,0.99508,2.98,0.56,10.5,6,"Portugal"
6.7,0.48,0.02,2.2,0.08,36,111,0.99524,3.1,0.53,9.7,5,"Spain"
7.3,0.735,0,2.2,0.08,18,28,0.99765,3.41,0.6,9.4,5,"Spain"
7.9,0.27,0.27,1.7,0.034,25,122,0.99088,2.97,0.51,11.9,6,"Portugal"
6.6,0.34,0.4,8.1,0.046,68,170,0.99494,3.15,0.5,9.53333333333333,6,"Italy"
6,0.54,0.06,1.8,0.05,38,89,0.99236,3.3,0.5,10.55,6,"Spain"
8.2,0.57,0.26,2.2,0.06,28,65,0.9959,3.3,0.43,10.1,5,"Spain"
6.5,0.19,0.26,5.2,0.04,31,140,0.995,3.26,0.68,9.5,6,"Italy"
7.8,0.6,0.26,2,0.08,31,131,0.99622,3.21,0.52,9.9,5,"France"
12.3,0.5,0.49,2.2,0.089,5,14,1.0002,3.19,0.44,9.6,5,"Spain"
7.2,0.61,0.08,4,0.082,26,108,0.99641,3.25,0.51,9.4,5,"Spain"
7.2,0.57,0.05,2.3,0.081,16,36,0.99564,3.38,0.6,10.3,6,"Spain"
7.6,0.19,0.32,18.75,0.047,32,193,1.00014,3.1,0.5,9.3,7,"Italy"
4.4,0.54,0.09,5.1,0.038,52,97,0.99022,3.41,0.4,12.2,7,"Italy"
6.5,0.29,0.25,2.5,0.142,8,111,0.9927,3,0.44,9.9,4,"Portugal"
6.6,0.23,0.32,0.9,0.041,25,79,0.9926,3.39,0.54,10.2,7,"Portugal"
5.7,0.31,0.29,7.3,0.05,33,143,0.99332,3.31,0.5,11.0666666666667,6,"Italy"
7,0.28,0.28,1.4,0.039,12,83,0.99173,3.18,0.65,11.1,5,"Italy"
7,0.21,0.28,8.7,0.045,37,222,0.9954,3.25,0.54,10.4,6,"Italy"
6.4,0.28,0.41,6.8,0.045,61,216,0.9952,3.09,0.46,9.4,5,"Portugal"
8,0.25,0.27,9.7,0.036,15,85,0.99406,2.99,0.36,11.2,6,"Italy"
6.3,0.32,0.32,1.5,0.037,12,76,0.98993,3.3,0.46,12.3,6,"Italy"
6,0.21,0.38,0.8,0.02,22,98,0.98941,3.26,0.32,11.8,6,"Portugal"
6.8,0.25,0.38,8.1,0.046,24,155,0.9956,3.33,0.59,10.2,6,"Portugal"
9.9,0.53,0.57,2.4,0.093,30,52,0.9971,3.19,0.76,11.6,7,"France"
6.9,0.45,0.11,2.4,0.043,6,12,0.99354,3.3,0.65,11.4,6,"Spain"
8,0.77,0.32,2.1,0.079,16,74,0.99656,3.27,0.5,9.8,6,"Spain"
7,0.23,0.4,1.6,0.063,21,67,0.9952,3.5,0.63,11.1,5,"France"
7.3,0.51,0.18,2.1,0.07,12,28,0.99768,3.52,0.73,9.5,6,"Spain"
12.9,0.5,0.55,2.8,0.072,7,24,1.00012,3.09,0.68,10.9,6,"France"
7.2,0.32,0.3,8.25,0.02,14,104,0.99362,2.99,0.44,11.4,6,"Italy"
6.6,0.16,0.3,1.6,0.034,15,78,0.992,3.38,0.44,11.2,6,"Portugal"
8.7,0.82,0.02,1.2,0.07,36,48,0.9952,3.2,0.58,9.8,5,"France"
10,0.35,0.45,2.5,0.092,20,88,0.99918,3.15,0.43,9.4,5,"Spain"
6,0.16,0.22,1.6,0.042,36,106,0.9905,3.24,0.32,11.4,6,"Portugal"
10.2,0.29,0.65,2.4,0.075,6,17,0.99565,3.22,0.63,11.8,6,"France"
6.6,0.32,0.36,8,0.047,57,168,0.9949,3.15,0.46,9.6,5,"Italy"
7.7,0.53,0.06,1.7,0.074,9,39,0.99615,3.35,0.48,9.8,6,"Spain"
8.9,0.4,0.32,5.6,0.087,10,47,0.9991,3.38,0.77,10.5,7,"Spain"
7.5,0.17,0.32,1.7,0.04,51,148,0.9916,3.21,0.44,11.5,7,"Portugal"
6.5,0.21,0.28,1.4,0.046,26,66,0.99199,3.43,0.48,11.1,6,"Portugal"
11.6,0.42,0.53,3.3,0.105,33,98,1.001,3.2,0.95,9.2,5,"Spain"
8.8,0.46,0.45,2.6,0.065,7,18,0.9947,3.32,0.79,14,6,"Spain"
6.8,0.21,0.36,18.1,0.046,32,133,1,3.27,0.48,8.8,5,"Portugal"
10.8,0.32,0.44,1.6,0.063,16,37,0.9985,3.22,0.78,10,6,"France"
6.2,0.45,0.26,4.4,0.063,63,206,0.994,3.27,0.52,9.8,4,"Italy"
9.6,0.54,0.42,2.4,0.081,25,52,0.997,3.2,0.71,11.4,6,"Spain"
6.8,0.26,0.26,2,0.019,23.5,72,0.99041,3.16,0.47,11.8,6,"Italy"
6.7,0.855,0.02,1.9,0.064,29,38,0.99472,3.3,0.56,10.75,6,"France"
6.5,0.25,0.32,9.9,0.045,41,128,0.99636,3.18,0.52,9.6,6,"Portugal"
6.8,0.26,0.24,7.8,0.052,54,214,0.9961,3.13,0.47,8.9,5,"Italy"
6.7,0.48,0.32,1.4,0.021,22,121,0.9889,3.15,0.53,12.7,7,"Italy"
10.6,0.83,0.37,2.6,0.086,26,70,0.9981,3.16,0.52,9.9,5,"France"
5.9,0.37,0.3,1.5,0.033,35,95,0.98986,3.36,0.56,12,7,"Italy"
6.7,0.2,0.41,9.1,0.044,50,166,0.9954,3.14,0.58,9.8,6,"Portugal"
6.7,0.23,0.31,2.1,0.046,30,96,0.9926,3.33,0.64,10.7,8,"Portugal"
7.8,0.15,0.24,7.7,0.047,21,98,0.9951,2.94,0.31,9.6,6,"Portugal"
7.9,0.66,0,1.4,0.096,6,13,0.99569,3.43,0.58,9.5,5,"France"
8,0.45,0.23,2.2,0.094,16,29,0.9962,3.21,0.49,10.2,6,"Spain"
10.3,0.44,0.5,4.5,0.107,5,13,0.998,3.28,0.83,11.5,5,"France"
8.9,0.3,0.35,4.6,0.032,32,148,0.99458,3.15,0.45,11.5,7,"Italy"
6.1,0.17,0.28,2.5,0.028,22,98,0.99072,3.16,0.37,11.1,7,"Portugal"
7.1,0.26,0.19,8.2,0.051,53,187,0.996,3.16,0.52,9.7,5,"Italy"
6.5,0.18,0.41,14.2,0.039,47,129,0.99678,3.28,0.72,10.3,7,"Italy"
7.5,0.58,0.2,2,0.073,34,44,0.99494,3.1,0.43,9.3,5,"Spain"
6.7,0.33,0.34,6.6,0.067,35,156,0.99542,3.11,0.48,9.3,6,"Portugal"
7.7,0.965,0.1,2.1,0.112,11,22,0.9963,3.26,0.5,9.5,5,"Spain"
6.4,0.14,0.31,1.2,0.034,53,138,0.99084,3.38,0.35,11.5,7,"Italy"
7.8,0.57,0.09,2.3,0.065,34,45,0.99417,3.46,0.74,12.7,8,"Spain"
7.9,0.33,0.28,31.6,0.053,35,176,1.0103,3.15,0.38,8.8,6,"Italy"
7,0.62,0.08,1.8,0.076,8,24,0.9978,3.48,0.53,9,5,"Spain"
8.3,0.28,0.45,7.8,0.059,32,139,0.9972,3.33,0.77,11.2,6,"Italy"
6.2,0.21,0.28,5.7,0.028,45,121,0.99168,3.21,1.08,12.15,7,"Italy"
11.9,0.58,0.66,2.5,0.072,6,37,0.9992,3.05,0.56,10,5,"Spain"
10.5,0.43,0.35,3.3,0.092,24,70,0.99798,3.21,0.69,10.5,6,"France"
8.2,0.42,0.49,2.6,0.084,32,55,0.9988,3.34,0.75,8.7,6,"France"
7.1,0.43,0.17,1.8,0.082,27,51,0.99634,3.49,0.64,10.4,5,"France"
7.1,0.6,0,1.8,0.074,16,34,0.9972,3.47,0.7,9.9,6,"France"
8.3,0.76,0.29,4.2,0.075,12,16,0.9965,3.45,0.68,11.5,6,"Spain"
7.3,0.48,0.32,2.1,0.062,31,54,0.99728,3.3,0.65,10,7,"Spain"
6.7,0.42,0.39,12.1,0.04,61,248,0.99794,3.31,0.58,9.7,5,"Portugal"
7.4,0.19,0.3,12.8,0.053,48.5,229,0.9986,3.14,0.49,9.1,7,"Italy"
9.2,0.27,0.34,10.5,0.043,49,228,0.9974,3.04,0.41,10.4,6,"Italy"
10.6,0.36,0.59,2.2,0.152,6,18,0.9986,3.04,1.05,9.4,5,"Spain"
12.5,0.46,0.63,2,0.071,6,15,0.9988,2.99,0.87,10.2,5,"Spain"
8.4,0.715,0.2,2.4,0.076,10,38,0.99735,3.31,0.64,9.4,5,"Spain"
6.3,0.67,0.48,12.6,0.052,57,222,0.9979,3.17,0.52,9.3,6,"Portugal"
6.4,0.15,0.25,7.8,0.05,13,68,0.99394,3.16,0.4,9.9,6,"Portugal"
6.2,0.15,0.46,1.6,0.039,38,123,0.993,3.38,0.51,9.7,6,"Italy"
7.5,0.22,0.29,4.8,0.05,33,87,0.994,3.14,0.42,9.9,5,"Portugal"
6.8,0.26,0.22,7.7,0.047,57,210,0.9959,3.1,0.47,9,5,"Italy"
7.6,0.2,0.36,1.9,0.043,24,111,0.99237,3.29,0.54,11.3,6,"Portugal"
6.4,0.41,0.24,14,0.048,24,113,0.9982,3.44,0.53,9.8,6,"Portugal"
6.5,0.615,0,1.9,0.065,9,18,0.9972,3.46,0.65,9.2,5,"Spain"
8.1,0.2,0.49,11.8,0.048,46,212,0.9968,3.09,0.46,10,7,"Portugal"
8.9,0.62,0.18,3.8,0.176,52,145,0.9986,3.16,0.88,9.2,5,"France"
10.4,0.24,0.46,1.8,0.075,6,21,0.9976,3.25,1.02,10.8,7,"Spain"
8,0.715,0.22,2.3,0.075,13,81,0.99688,3.24,0.54,9.5,6,"Spain"
6.6,0.855,0.02,2.4,0.062,15,23,0.99627,3.54,0.6,11,6,"Spain"
7.1,0.65,0.18,1.8,0.07,13,40,0.997,3.44,0.6,9.1,5,"France"
7.1,0.2,0.31,7.4,0.053,32,211,0.99587,3.31,0.59,10.4,6,"Portugal"
8,0.3,0.49,9.4,0.046,47,188,0.9964,3.14,0.48,10,5,"Portugal"
7.7,0.38,0.23,10.8,0.03,28,95,0.99164,2.93,0.41,13.6,6,"Italy"
5.9,0.4,0.32,6,0.034,50,127,0.992,3.51,0.58,12.5,7,"Italy"
6.7,0.36,0.28,8.3,0.034,29,81,0.99151,2.96,0.39,12.5,6,"Italy"
8.3,0.26,0.42,2,0.08,11,27,0.9974,3.21,0.8,9.4,6,"Spain"
7.9,0.72,0.17,2.6,0.096,20,38,0.9978,3.4,0.53,9.5,5,"France"
9.6,0.88,0.28,2.4,0.086,30,147,0.9979,3.24,0.53,9.4,5,"France"
6.8,0.61,0.2,1.8,0.077,11,65,0.9971,3.54,0.58,9.3,5,"Spain"
8.8,0.24,0.54,2.5,0.083,25,57,0.9983,3.39,0.54,9.2,5,"Spain"
7.4,0.26,0.29,3.7,0.048,14,73,0.9915,3.06,0.45,11.4,6,"Portugal"
9.2,0.53,0.24,2.6,0.078,28,139,0.99788,3.21,0.57,9.5,5,"France"
8.6,0.16,0.38,3.4,0.04,41,143,0.9932,2.95,0.39,10.2,6,"Italy"
6.9,0.685,0,2.5,0.105,22,37,0.9966,3.46,0.57,10.6,6,"Spain"
6.2,0.2,0.25,15,0.055,8,120,0.99767,3.19,0.53,9.6,6,"Portugal"
9.1,0.27,0.45,10.6,0.035,28,124,0.997,3.2,0.46,10.4,9,"Italy"
7,0.16,0.32,8.3,0.045,38,126,0.9958,3.21,0.34,9.2,5,"Portugal"
7.8,0.34,0.27,1.2,0.04,25,106,0.9932,3.01,0.55,10.4,5,"Italy"
7.1,0.17,0.43,1.3,0.023,33,132,0.99067,3.11,0.56,11.7,6,"Italy"
6.4,0.27,0.32,4.5,0.24,61,174,0.9948,3.12,0.48,9.4,5,"Italy"
7.2,0.22,0.49,1,0.045,34,140,0.99,3.05,0.34,12.7,6,"Portugal"
5.8,0.17,0.34,1.8,0.045,96,170,0.99035,3.38,0.9,11.8,8,"Portugal"
6.8,0.18,0.37,1.6,0.055,47,154,0.9934,3.08,0.45,9.1,5,"Italy"
6.2,0.32,0.16,7,0.045,30,136,0.9949,3.18,0.47,9.6,6,"Portugal"
7.1,0.39,0.12,2.1,0.065,14,24,0.99252,3.3,0.53,13.3,6,"Spain"
15,0.21,0.44,2.2,0.075,10,24,1.00005,3.07,0.84,9.2,7,"Spain"
11.9,0.43,0.66,3.1,0.109,10,23,1,3.15,0.85,10.4,7,"Spain"
7.5,0.24,0.31,13,0.049,46,217,0.9985,3.08,0.53,8.8,5,"Italy"
6.6,0.21,0.29,1.8,0.026,35,128,0.99183,3.37,0.48,11.2,6,"Italy"
5.7,0.22,0.2,16,0.044,41,113,0.99862,3.22,0.46,8.9,6,"Italy"
7.7,0.69,0.05,2.7,0.075,15,27,0.9974,3.26,0.61,9.1,5,"Spain"
7.7,0.28,0.29,6.9,0.041,29,163,0.9952,3.44,0.6,10.5,6,"Portugal"
7.1,0.46,0.14,2.8,0.076,15,37,0.99624,3.36,0.49,10.7,5,"Spain"
7.1,0.36,0.4,1.95,0.033,26,118,0.98934,3.2,0.45,13.5,7,"Italy"
7.7,0.28,0.35,15.3,0.056,31,117,0.9998,3.27,0.5,9.6,5,"Italy"
7,0.22,0.3,1.4,0.04,14,63,0.98985,3.2,0.33,12,6,"Italy"
8.3,0.4,0.38,1.1,0.038,15,75,0.9934,3.03,0.43,9.2,5,"Italy"
6.3,0.15,0.3,1.4,0.022,38,100,0.99099,3.42,0.57,11.4,7,"Italy"
7.2,0.57,0.05,2.3,0.081,16,36,0.99564,3.38,0.6,10.3,6,"Spain"
6,0.28,0.24,17.8,0.047,42,111,0.99896,3.1,0.45,8.9,6,"Portugal"
6.4,0.13,0.47,1.6,0.092,40,158,0.9928,3.21,0.36,9.8,6,"Portugal"
6.1,0.16,0.29,6,0.03,29,144,0.99474,3.68,0.46,10.7,6,"Portugal"
9,0.26,0.34,6.7,0.029,21,162,0.99497,3.08,0.5,10.6,6,"Italy"
6.6,0.39,0.39,11.9,0.057,51,221,0.99851,3.26,0.51,8.9,6,"Italy"
7.6,0.2,0.3,14.2,0.056,53,212.5,0.999,3.14,0.46,8.9,8,"Italy"
6.2,0.44,0.39,2.5,0.077,6,14,0.99555,3.51,0.69,11,6,"France"
6.5,0.43,0.28,11.25,0.032,31,87,0.9922,3.02,0.38,12.4,6,"Portugal"
8.5,0.66,0.2,2.1,0.097,23,113,0.99733,3.13,0.48,9.2,5,"Spain"
5.1,0.31,0.3,0.9,0.037,28,152,0.992,3.54,0.56,10.1,6,"Portugal"
7.6,0.3,0.42,2,0.052,6,24,0.9963,3.44,0.82,11.9,6,"France"
6.8,0.41,0.31,8.8,0.084,26,45,0.99824,3.38,0.64,10.1,6,"France"
9.9,0.44,0.46,2.2,0.091,10,41,0.99638,3.18,0.69,11.9,6,"Spain"
6.1,0.32,0.33,10.7,0.036,27,98,0.99521,3.34,0.52,10.2,6,"Italy"
6.5,0.22,0.27,1.6,0.039,36,116,0.99178,3.38,0.57,11,7,"Portugal"
7,0.4,0.32,3.6,0.061,9,29,0.99416,3.28,0.49,11.3,7,"France"
8.2,0.4,0.48,13.7,0.042,59,169,0.9986,3.1,0.52,9.4,5,"Portugal"
7,0.42,0.35,1.6,0.088,16,39,0.9961,3.34,0.55,9.2,5,"Spain"
5.9,0.21,0.31,1.8,0.033,45,142,0.98984,3.35,0.5,12.7,6,"Portugal"
7,0.49,0.49,5.6,0.06,26,121,0.9974,3.34,0.76,10.5,5,"France"
8.2,0.32,0.42,2.3,0.098,3,9,0.99506,3.27,0.55,12.3,6,"Spain"
8.3,0.65,0.1,2.9,0.089,17,40,0.99803,3.29,0.55,9.5,5,"France"
11.6,0.58,0.66,2.2,0.074,10,47,1.0008,3.25,0.57,9,3,"France"
8.4,0.67,0.19,2.2,0.093,11,75,0.99736,3.2,0.59,9.2,4,"France"
7.8,0.43,0.7,1.9,0.464,22,67,0.9974,3.13,1.28,9.4,5,"Spain"
7.5,0.33,0.38,8.7,0.126,49,199,0.99711,2.98,0.57,9.4,5,"Portugal"
8.8,0.55,0.04,2.2,0.119,14,56,0.9962,3.21,0.6,10.9,6,"France"
6.1,0.32,0.25,2.3,0.071,23,58,0.99633,3.42,0.97,10.6,5,"France"
8.9,0.4,0.51,2.6,0.052,13,27,0.995,3.32,0.9,13.4,7,"France"
8.5,0.26,0.21,16.2,0.074,41,197,0.998,3.02,0.5,9.8,3,"Portugal"
8,0.55,0.42,12.6,0.211,37,213,0.9988,2.99,0.56,9.3,5,"Italy"
5.6,0.18,0.3,10.2,0.028,28,131,0.9954,3.49,0.42,10.8,7,"Portugal"
6.1,0.24,0.32,9,0.031,41,134,0.99234,3.25,0.26,12.3,7,"Portugal"
9.4,0.615,0.28,3.2,0.087,18,72,1.0001,3.31,0.53,9.7,5,"Spain"
7.2,0.27,0.27,2.4,0.048,30,149,0.9936,3.1,0.51,9.2,6,"Portugal"
11.1,0.35,0.48,3.1,0.09,5,21,0.9986,3.17,0.53,10.5,5,"Spain"
8,0.38,0.44,1.9,0.098,6,15,0.9956,3.3,0.64,11.4,6,"Spain"
5.9,0.61,0.08,2.1,0.071,16,24,0.99376,3.56,0.77,11.1,6,"France"
7.6,0.685,0.23,2.3,0.111,20,84,0.9964,3.21,0.61,9.3,5,"Spain"
6,0.51,0,2.1,0.064,40,54,0.995,3.54,0.93,10.7,6,"France"
13.4,0.27,0.62,2.6,0.082,6,21,1.0002,3.16,0.67,9.7,6,"Spain"
7.3,0.26,0.3,9.3,0.05,35,154,0.99581,3.21,0.5,10.4,6,"Portugal"
6.2,0.3,0.49,11.2,0.058,68,215,0.99656,3.19,0.6,9.4,6,"Portugal"
6.8,0.23,0.29,15.4,0.073,56,173,0.9984,3.06,0.41,8.7,6,"Italy"
7.8,0.53,0.01,1.6,0.077,3,19,0.995,3.16,0.46,9.8,5,"Spain"
9.6,0.6,0.5,2.3,0.079,28,71,0.9997,3.5,0.57,9.7,5,"Spain"
13.7,0.415,0.68,2.9,0.085,17,43,1.0014,3.06,0.8,10,6,"France"
8.5,0.37,0.2,2.8,0.09,18,58,0.998,3.34,0.7,9.6,6,"France"
9.4,0.4,0.47,2.5,0.087,6,20,0.99772,3.15,0.5,10.5,5,"Spain"
8.9,0.635,0.37,1.7,0.263,5,62,0.9971,3,1.09,9.3,5,"Spain"
9,0.82,0.05,2.4,0.081,26,96,0.99814,3.36,0.53,10,5,"Spain"
6.5,0.22,0.5,16.4,0.048,36,182,0.99904,3.02,0.49,8.8,6,"Portugal"
6.8,0.32,0.3,1,0.049,22,113,0.99289,3.24,0.61,10.2,5,"Portugal"
8,0.17,0.29,2.4,0.029,52,119,0.98944,3.03,0.33,12.9,6,"Italy"
6.4,0.33,0.3,7.2,0.041,42,168,0.99331,3.22,0.49,11.1,6,"Portugal"
7.7,0.12,0.32,1.4,0.06,47,150,0.9952,3.37,0.42,9.2,6,"Italy"
8.1,0.78,0.23,2.6,0.059,5,15,0.997,3.37,0.56,11.3,5,"France"
11.4,0.6,0.49,2.7,0.085,10,41,0.9994,3.15,0.63,10.5,6,"Spain"
7.2,0.25,0.19,8,0.044,51,172,0.9964,3.16,0.44,9.2,5,"Italy"
7.2,0.655,0.03,1.8,0.078,7,12,0.99587,3.34,0.39,9.5,5,"France"
7,0.23,0.42,18.05,0.05,35,144,0.9999,3.22,0.42,8.8,5,"Portugal"
9.4,0.3,0.56,2.8,0.08,6,17,0.9964,3.15,0.92,11.7,8,"Spain"
8,0.3,0.63,1.6,0.081,16,29,0.99588,3.3,0.78,10.8,6,"France"
11.2,0.67,0.55,2.3,0.084,6,13,1,3.17,0.71,9.5,6,"Spain"
6.7,0.5,0.38,7.5,0.046,26,175,0.99662,3.32,0.54,9.6,5,"Italy"
8.1,0.545,0.18,1.9,0.08,13,35,0.9972,3.3,0.59,9,6,"Spain"
7.2,0.19,0.27,11.2,0.061,46,149,0.99772,2.99,0.59,9.3,6,"Portugal"
8.2,0.78,0,2.2,0.089,13,26,0.9978,3.37,0.46,9.6,4,"France"
6.6,0.56,0.14,2.4,0.064,13,29,0.99397,3.42,0.62,11.7,7,"France"
7.1,0.31,0.25,11.2,0.048,32,136,0.99663,3.14,0.4,9.5,5,"Portugal"
7.4,0.24,0.42,14,0.066,48,198,0.9979,2.89,0.42,8.9,6,"Italy"
12,0.28,0.49,1.9,0.074,10,21,0.9976,2.98,0.66,9.9,7,"Spain"
7.2,0.47,0.16,5.9,0.048,14,125,0.99428,3.09,0.49,9.8,5,"Italy"
6.9,0.19,0.33,1.6,0.043,63,149,0.9925,3.44,0.52,10.8,5,"Italy"
11.5,0.35,0.49,3.3,0.07,10,37,1.0003,3.32,0.91,11,6,"France"
7.4,0.74,0.07,1.7,0.086,15,48,0.99502,3.12,0.48,10,5,"Spain"
6.3,0.43,0.32,8.8,0.042,18,106,0.99172,3.28,0.33,12.9,7,"Italy"
8.7,0.69,0.31,3,0.086,23,81,1.0002,3.48,0.74,11.6,6,"Spain"
7,0.2,0.49,5.9,0.038,39,128,0.9938,3.21,0.48,10.8,6,"Italy"
9.9,0.54,0.45,2.3,0.071,16,40,0.9991,3.39,0.62,9.4,5,"Spain"
6.5,0.23,0.25,17.3,0.046,15,110,0.99828,3.15,0.42,9.2,6,"Portugal"
7.8,0.82,0.29,4.3,0.083,21,64,0.99642,3.16,0.53,9.4,5,"Spain"
9.3,0.61,0.26,3.4,0.09,25,87,0.99975,3.24,0.62,9.7,5,"Spain"
5.1,0.21,0.28,1.4,0.047,48,148,0.99168,3.5,0.49,10.4,5,"Italy"
6.6,0.18,0.26,17.3,0.051,17,149,0.9984,3,0.43,9.4,6,"Italy"
6.5,0.21,0.35,5.7,0.043,47,197,0.99392,3.24,0.5,10.1,6,"Portugal"
8,1.18,0.21,1.9,0.083,14,41,0.99532,3.34,0.47,10.5,5,"France"
12.4,0.35,0.49,2.6,0.079,27,69,0.9994,3.12,0.75,10.4,6,"France"
5.8,0.34,0.21,7.2,0.041,48,146,0.99441,3.16,0.49,9.8,5,"Portugal"
8,0.52,0.03,1.7,0.07,10,35,0.99575,3.34,0.57,10,5,"France"
6.4,0.62,0.12,4.7,0.06,33,196,0.99556,3.22,0.48,8.9,5,"Portugal"
6,0.22,0.33,12.2,0.033,25,97,0.99356,3.17,0.42,11.3,7,"Portugal"
7.1,0.43,0.25,2.8,0.036,43,132,0.98975,3.21,0.47,13.4,6,"Portugal"
8.2,0.27,0.43,1.6,0.035,31,128,0.9916,3.1,0.5,12.3,6,"Italy"
6,0.32,0.32,4.8,0.041,40,186,0.99235,3.22,0.54,11,6,"Portugal"
6.2,0.18,0.3,1,0.031,23,73,0.99032,3.23,0.52,11.3,6,"Italy"
7.4,0.34,0.42,1.1,0.033,17,171,0.9917,3.12,0.53,11.3,6,"Portugal"
6.8,0.65,0.02,2.1,0.078,8,15,0.99498,3.35,0.62,10.4,6,"France"
6.3,0.27,0.25,5.8,0.038,52,155,0.995,3.28,0.38,9.4,6,"Portugal"
6.7,0.36,0.26,7.9,0.034,39,123,0.99119,2.99,0.3,12.2,7,"Portugal"
6,0.33,0.2,1.8,0.031,49,159,0.9919,3.41,0.53,11,6,"Portugal"
6.2,0.43,0.22,1.8,0.078,21,56,0.99633,3.52,0.6,9.5,6,"Spain"
5.3,0.3,0.16,4.2,0.029,37,100,0.9905,3.3,0.36,11.8,8,"Italy"
7.2,0.58,0.54,2.1,0.114,3,9,0.99719,3.33,0.57,10.3,4,"France"
6.8,0.2,0.25,6.2,0.052,22,106,0.9935,3.09,0.54,10.8,5,"Italy"
7.9,0.11,0.49,4.5,0.048,27,133,0.9946,3.24,0.42,10.6,6,"Portugal"
6.9,0.25,0.3,4.1,0.054,23,116,0.994,2.99,0.38,9.4,6,"Italy"
5.2,0.17,0.27,0.7,0.03,11,68,0.99218,3.3,0.41,9.8,5,"Italy"
9.1,0.68,0.11,2.8,0.093,11,44,0.99888,3.31,0.55,9.5,6,"France"
7.6,0.23,0.4,5.2,0.066,14,91,0.99488,3.17,0.8,9.7,5,"Italy"
7.9,0.545,0.06,4,0.087,27,61,0.9965,3.36,0.67,10.7,6,"Spain"
6.8,0.67,0.02,1.8,0.05,5,11,0.9962,3.48,0.52,9.5,5,"Spain"
6.3,0.26,0.24,7.2,0.039,38,172,0.9958,3.49,0.64,9.7,6,"Italy"
6.8,0.23,0.4,1.6,0.047,5,133,0.993,3.23,0.7,11.4,6,"Portugal"
7.4,0.6,0.26,7.3,0.07,36,121,0.9982,3.37,0.49,9.4,5,"France"
7.4,0.59,0.08,4.4,0.086,6,29,0.9974,3.38,0.5,9,4,"Spain"
6.4,0.31,0.26,13.2,0.046,57,205,0.9975,3.17,0.41,9.6,5,"Italy"
9.9,0.5,0.5,13.8,0.205,48,82,1.00242,3.16,0.75,8.8,5,"Spain"
7,0.805,0,2.5,0.068,7,20,0.9969,3.48,0.56,9.6,5,"Spain"
6.1,0.4,0.16,1.8,0.069,11,25,0.9955,3.42,0.74,10.1,7,"Spain"
11.9,0.57,0.5,2.6,0.082,6,32,1.0006,3.12,0.78,10.7,6,"Spain"
8.2,0.34,0.38,2.5,0.08,12,57,0.9978,3.3,0.47,9,6,"France"
7.6,0.55,0.21,2.2,0.071,7,28,0.9964,3.28,0.55,9.7,5,"Spain"
6.5,0.18,0.26,1.4,0.041,40,141,0.9941,3.34,0.72,9.5,6,"Italy"
10.1,0.38,0.5,2.4,0.104,6,13,0.99643,3.22,0.65,11.6,7,"Spain"
11.9,0.58,0.58,1.9,0.071,5,18,0.998,3.09,0.63,10,6,"France"
8.2,0.37,0.64,13.9,0.043,22,171,0.99873,2.99,0.8,9.3,5,"Italy"
8.4,0.62,0.09,2.2,0.084,11,108,0.9964,3.15,0.66,9.8,5,"France"
7.6,0.49,0.33,1.9,0.074,27,85,0.99706,3.41,0.58,9,5,"France"
5.9,0.65,0.23,5,0.035,20,128,0.99016,3.46,0.48,12.8,6,"Italy"
7.9,0.58,0.23,2.3,0.076,23,94,0.99686,3.21,0.58,9.5,6,"France"
8.7,0.3,0.34,4.8,0.018,23,127,0.99474,3.12,0.49,11.2,7,"Portugal"
7.5,0.51,0.02,1.7,0.084,13,31,0.99538,3.36,0.54,10.5,6,"Spain"
8.4,0.62,0.12,1.8,0.072,38,46,0.99504,3.38,0.89,11.8,6,"France"
8.1,0.31,0.36,8.2,0.028,29,142,0.9925,3.01,0.34,13,7,"Portugal"
7,0.69,0.07,2.5,0.091,15,21,0.99572,3.38,0.6,11.3,6,"Spain"
8.4,0.56,0.04,2,0.082,10,22,0.9976,3.22,0.44,9.6,5,"France"
8.3,0.6,0.25,2.2,0.118,9,38,0.99616,3.15,0.53,9.8,5,"France"
5.8,0.29,0.26,1.7,0.063,3,11,0.9915,3.39,0.54,13.5,6,"France"
7.3,0.18,0.65,1.4,0.046,28,157,0.9946,3.33,0.62,9.4,6,"Italy"
6.6,0.23,0.2,11.4,0.044,45,131,0.99604,2.96,0.51,9.7,6,"Portugal"
6.2,0.23,0.36,17.2,0.039,37,130,0.99946,3.23,0.43,8.8,6,"Portugal"
8.3,0.14,0.26,1.5,0.049,56,189,0.9946,3.21,0.62,9.5,6,"Italy"
7,0.745,0.12,1.8,0.114,15,64,0.99588,3.22,0.59,9.5,6,"France"
10.2,0.41,0.43,2.2,0.11,11,37,0.99728,3.16,0.67,10.8,5,"France"
6.2,0.25,0.39,1.3,0.051,42,135,0.9906,3.23,0.4,11.1,6,"Italy"
10.1,0.31,0.35,1.6,0.075,9,28,0.99672,3.24,0.83,11.2,7,"France"
7.6,0.735,0.02,2.5,0.071,10,14,0.99538,3.51,0.71,11.7,7,"France"
8.1,0.38,0.48,1.8,0.157,5,17,0.9976,3.3,1.05,9.4,5,"France"
6.9,0.28,0.3,1.6,0.047,46,132,0.9918,3.35,0.38,11.1,7,"Italy"
9.5,0.37,0.52,2,0.088,12,51,0.99613,3.29,0.58,11.1,6,"Spain"
10.2,0.67,0.39,1.9,0.054,6,17,0.9976,3.17,0.47,10,5,"France"
12.3,0.5,0.49,2.2,0.089,5,14,1.0002,3.19,0.44,9.6,5,"Spain"
9.4,0.5,0.34,3.6,0.082,5,14,0.9987,3.29,0.52,10.7,6,"France"
10,0.29,0.4,2.9,0.098,10,26,1.0006,3.48,0.91,9.7,5,"Spain"
6.7,0.76,0.02,1.8,0.078,6,12,0.996,3.55,0.63,9.95,3,"Spain"
8,0.67,0.3,2,0.06,38,62,0.9958,3.26,0.56,10.2,6,"Spain"
8.7,0.7,0.24,2.5,0.226,5,15,0.9991,3.32,0.6,9,6,"Spain"
8.9,0.875,0.13,3.45,0.088,4,14,0.9994,3.44,0.52,11.5,5,"Spain"
6.6,0.18,0.28,3.3,0.044,18,91,0.993,3.42,0.64,10.8,6,"Portugal"
6.7,0.31,0.44,6.7,0.054,29,160,0.9952,3.04,0.44,9.6,5,"Italy"
6.4,0.23,0.35,4.6,0.039,43,147,0.99216,3.18,0.4,11,7,"Italy"
7,0.22,0.26,9.2,0.027,37,122,0.99228,3.06,0.34,12.5,8,"Italy"
7.4,0.37,0.43,2.6,0.082,18,82,0.99708,3.33,0.68,9.7,6,"Spain"
6.7,0.24,0.26,12.6,0.053,44,182,0.99802,3.42,0.42,9.7,5,"Italy"
7.2,0.4,0.49,1.1,0.048,11,138,0.9929,3.01,0.42,9.3,5,"Portugal"
8.5,0.46,0.59,1.4,0.414,16,45,0.99702,3.03,1.34,9.2,5,"France"
10.6,0.36,0.57,2.3,0.087,6,20,0.99676,3.14,0.72,11.1,7,"France"
9.1,0.5,0.3,1.9,0.065,8,17,0.99774,3.32,0.71,10.5,6,"France"
6.6,0.23,0.24,3.9,0.045,36,138,0.9922,3.15,0.64,11.3,7,"Portugal"
8.6,0.45,0.31,2.6,0.086,21,50,0.9982,3.37,0.91,9.9,6,"Spain"
7.8,0.34,0.35,1.8,0.042,8,167,0.9908,3.11,0.41,12.1,6,"Italy"
9.8,0.66,0.39,3.2,0.083,21,59,0.9989,3.37,0.71,11.5,7,"France"
8.5,0.44,0.5,1.9,0.369,15,38,0.99634,3.01,1.1,9.4,5,"Spain"
6.2,0.36,0.38,3.2,0.031,20,89,0.98956,3.06,0.33,12,7,"Portugal"
6.3,0.18,0.24,3.4,0.053,20,119,0.99373,3.11,0.52,9.2,6,"Portugal"
5.7,0.6,0,1.4,0.063,11,18,0.99191,3.45,0.56,12.2,6,"Spain"
6.5,0.23,0.36,16.3,0.038,43,133,0.99924,3.26,0.41,8.8,5,"Portugal"
7.3,0.66,0,2,0.084,6,23,0.9983,3.61,0.96,9.9,6,"France"
6.7,0.21,0.32,5.4,0.047,29,140,0.995,3.39,0.46,9.7,6,"Portugal"
8.7,0.23,0.32,13.4,0.044,35,169,0.99975,3.12,0.47,8.8,7,"Italy"
6.8,0.64,0,2.7,0.123,15,33,0.99538,3.44,0.63,11.3,6,"France"
6.9,0.2,0.37,6.2,0.027,24,97,0.992,3.38,0.49,12.2,7,"Portugal"
5.4,0.33,0.31,4,0.03,27,108,0.99031,3.3,0.43,12.2,7,"Portugal"
8.8,0.59,0.18,2.9,0.089,12,74,0.99738,3.14,0.54,9.4,5,"Spain"
8.4,0.22,0.3,8.9,0.024,17,118,0.99456,2.99,0.34,10.5,6,"Portugal"
6.1,0.3,0.56,2.7,0.046,46,184,0.9924,3.31,0.57,10.9,6,"Italy"
8.5,0.46,0.31,2.25,0.078,32,58,0.998,3.33,0.54,9.8,5,"Spain"
6.9,0.52,0.25,2.6,0.081,10,37,0.99685,3.46,0.5,11,5,"France"
6.8,0.36,0.32,1.8,0.067,4,8,0.9928,3.36,0.55,12.8,7,"France"
7.6,0.43,0.29,2.1,0.075,19,66,0.99718,3.4,0.64,9.5,5,"France"
6.8,0.15,0.32,8.8,0.058,24,110,0.9972,3.4,0.4,8.8,6,"Portugal"
6.6,0.27,0.29,5.3,0.045,57,189,0.9953,3.31,0.79,9.8,5,"Italy"
6,0.42,0.19,2,0.075,22,47,0.99522,3.39,0.78,10,6,"Spain"
11.3,0.34,0.45,2,0.082,6,15,0.9988,2.94,0.66,9.2,6,"France"
6.8,0.25,0.18,1.4,0.056,13,137,0.9935,3.11,0.42,9.5,5,"Portugal"
9.4,0.27,0.53,2.4,0.074,6,18,0.9962,3.2,1.13,12,7,"France"
10,0.48,0.24,2.7,0.102,13,32,1,3.28,0.56,10,6,"France"
6.5,0.18,0.41,14.2,0.039,47,129,0.99678,3.28,0.72,10.3,7,"Italy"
12.8,0.615,0.66,5.8,0.083,7,42,1.0022,3.07,0.73,10,7,"Spain"
6.9,0.635,0.17,2.4,0.241,6,18,0.9961,3.4,0.59,10.3,6,"France"
6.3,0.17,0.32,4.2,0.04,37,117,0.99182,3.24,0.43,11.3,6,"Portugal"
6.9,0.28,0.4,8.2,0.036,15,95,0.9944,3.17,0.33,10.2,5,"Portugal"
7.3,0.91,0.1,1.8,0.074,20,56,0.99672,3.35,0.56,9.2,5,"Spain"
7.5,0.33,0.39,12.4,0.065,29,119,0.9974,3.16,0.39,9.4,5,"Italy"
6,0.2,0.71,1.6,0.15,10,54,0.9927,3.12,0.47,9.8,5,"Portugal"
5.7,0.25,0.21,1.5,0.044,21,108,0.99142,3.3,0.59,11,6,"Italy"
6.5,0.16,0.33,1,0.027,23,75,0.9908,3.3,0.39,11.4,7,"Italy"
8.3,0.845,0.01,2.2,0.07,5,14,0.9967,3.32,0.58,11,4,"France"
15,0.21,0.44,2.2,0.075,10,24,1.00005,3.07,0.84,9.2,7,"France"
7.4,0.16,0.3,13.7,0.056,33,168,0.99825,2.9,0.44,8.7,7,"Italy"
5.1,0.585,0,1.7,0.044,14,86,0.99264,3.56,0.94,12.9,7,"Spain"
6.1,0.64,0.02,2.4,0.069,26,46,0.99358,3.47,0.45,11,5,"France"
6.2,0.35,0.2,18.1,0.069,33,158,0.99908,3.15,0.5,8.8,6,"Portugal"
6.9,0.25,0.33,1.2,0.035,35,158,0.99082,3.02,0.58,11.3,6,"Portugal"
6.6,0.44,0.15,2.1,0.076,22,53,0.9957,3.32,0.62,9.3,5,"Spain"
5,0.74,0,1.2,0.041,16,46,0.99258,4.01,0.59,12.5,6,"France"
10.9,0.32,0.52,1.8,0.132,17,44,0.99734,3.28,0.77,11.5,6,"Spain"
6.4,0.29,0.18,15,0.04,21,116,0.99736,3.14,0.5,9.2,5,"Portugal"
9.1,0.76,0.68,1.7,0.414,18,64,0.99652,2.9,1.33,9.1,6,"France"
6.7,0.48,0.32,1.4,0.021,22,121,0.9889,3.15,0.53,12.7,7,"Italy"
6.9,0.29,0.4,19.45,0.043,36,156,0.9996,2.93,0.47,8.9,5,"Italy"
8,0.64,0.22,2.4,0.094,5,33,0.99612,3.37,0.58,11,5,"Spain"
7.7,0.54,0.26,1.9,0.089,23,147,0.99636,3.26,0.59,9.7,5,"Spain"
6.9,0.84,0.21,4.1,0.074,16,65,0.99842,3.53,0.72,9.23333333333333,6,"France"
7.1,0.25,0.39,2.1,0.036,30,124,0.9908,3.28,0.43,12.2,8,"Italy"
6.6,0.21,0.36,0.8,0.034,48,113,0.99165,3.24,0.68,10.5,6,"Italy"
6.2,0.34,0.25,12.1,0.059,33,171,0.99769,3.14,0.56,8.7,6,"Portugal"
5.5,0.34,0.26,2.2,0.021,31,119,0.98919,3.55,0.49,13,8,"Portugal"
7.9,0.64,0.46,10.6,0.244,33,227,0.9983,2.87,0.74,9.1,3,"Portugal"
6.5,0.32,0.3,2.3,0.051,20,127,0.98964,3.13,0.52,12.8,6,"Portugal"
5.1,0.42,0,1.8,0.044,18,88,0.99157,3.68,0.73,13.6,7,"Spain"
9.6,0.655,0.21,2,0.039,21,120,0.99188,3,1,12.6,6,"Portugal"
7.9,0.22,0.38,8,0.043,46,152,0.9934,3.12,0.32,11.5,7,"Italy"
6.2,0.26,0.37,7.1,0.047,54,201,0.99523,3.19,0.48,9.5,6,"Portugal"
7.8,0.545,0.12,2.5,0.068,11,35,0.996,3.34,0.61,11.6,6,"France"
7.6,0.15,0.4,1.3,0.036,24,112,0.9932,3.14,0.76,10,5,"Italy"
6.4,0.64,0.21,1.8,0.081,14,31,0.99689,3.59,0.66,9.8,5,"France"
6.9,0.24,0.4,15.4,0.052,81,198,0.9986,3.2,0.69,9.4,5,"Italy"
8.6,0.22,0.36,1.9,0.064,53,77,0.99604,3.47,0.87,11,7,"France"
6.8,0.43,0.3,3.5,0.033,27,135,0.9906,3,0.37,12,6,"Italy"
6.1,0.26,0.25,2.9,0.047,289,440,0.99314,3.44,0.64,10.5,3,"Italy"
7.2,0.53,0.14,2.1,0.064,15,29,0.99323,3.35,0.61,12.1,6,"France"
7.7,0.43,0.25,2.6,0.073,29,63,0.99615,3.37,0.58,10.5,6,"France"
8.7,0.46,0.31,2.5,0.126,24,64,0.99746,3.1,0.74,9.6,5,"France"
8.7,0.69,0.31,3,0.086,23,81,1.0002,3.48,0.74,11.6,6,"France"
9,0.43,0.34,2.5,0.08,26,86,0.9987,3.38,0.62,9.5,6,"France"
6.8,0.17,0.32,1.4,0.04,35,106,0.99026,3.16,0.66,12,5,"Italy"
6.5,0.27,0.19,6.6,0.045,98,175,0.99364,3.16,0.34,10.1,6,"Italy"
6.2,0.25,0.42,8,0.049,53,206,0.99586,3.16,0.47,9.1,6,"Italy"
11.5,0.315,0.54,2.1,0.084,5,15,0.9987,2.98,0.7,9.2,6,"France"
9.9,0.35,0.55,2.1,0.062,5,14,0.9971,3.26,0.79,10.6,5,"Spain"
8.2,0.68,0.3,2.1,0.047,17,138,0.995,3.22,0.71,10.8,4,"Italy"
7.4,0.23,0.25,1.4,0.049,43,141,0.9934,3.42,0.54,10.2,7,"Italy"
6.9,0.46,0.2,0.9,0.054,5,126,0.992,3.1,0.42,10.4,6,"Italy"
7.3,0.32,0.23,13.7,0.05,49,197,0.9985,3.2,0.46,8.7,5,"Italy"
8.3,0.21,0.41,2.2,0.05,24,108,0.994,2.85,0.45,9.5,5,"Italy"
8,0.16,0.36,1.5,0.033,14,122,0.9941,3.2,0.39,10.3,4,"Portugal"
6.7,0.54,0.13,2,0.076,15,36,0.9973,3.61,0.64,9.8,5,"France"
7,0.32,0.35,1.5,0.039,24,125,0.9918,3.17,0.64,12.2,6,"Italy"
7.3,0.305,0.39,1.2,0.059,7,11,0.99331,3.29,0.52,11.5,6,"Spain"
6.3,0.27,0.23,2.9,0.047,13,100,0.9936,3.28,0.43,9.8,5,"Portugal"
8.2,0.36,0.29,7.6,0.035,37,122,0.9939,3.16,0.34,12,5,"Portugal"
6.2,0.44,0.18,7.7,0.096,28,210,0.99771,3.56,0.72,9.2,5,"Portugal"
8.1,0.12,0.38,0.9,0.034,36,86,0.99026,2.8,0.55,12,6,"Portugal"
6.7,0.5,0.36,11.5,0.096,18,92,0.99642,3.11,0.49,9.6,5,"Italy"
6.8,0.24,0.4,1.8,0.047,34,105,0.99,3.13,0.49,12.8,8,"Italy"
5.6,0.54,0.04,1.7,0.049,5,13,0.9942,3.72,0.58,11.4,5,"France"
8.3,0.27,0.39,2.4,0.058,16,107,0.9955,3.28,0.59,10.3,5,"Italy"
7.7,0.49,0.26,1.9,0.062,9,31,0.9966,3.39,0.64,9.6,5,"Spain"
7.6,0.5,0.29,2.3,0.086,5,14,0.99502,3.32,0.62,11.5,6,"France"
6.9,0.32,0.3,1.8,0.036,28,117,0.99269,3.24,0.48,11,6,"Italy"
9.1,0.45,0.35,2.4,0.08,23,78,0.9987,3.38,0.62,9.5,5,"France"
7,0.12,0.28,6.3,0.057,17,103,0.9957,3.5,0.44,9.6,5,"Portugal"
8.7,0.31,0.46,1.4,0.059,11,25,0.9966,3.36,0.76,10.1,6,"France"
6.7,0.46,0.24,1.7,0.077,18,34,0.9948,3.39,0.6,10.6,6,"Spain"
9.5,0.39,0.41,8.9,0.069,18,39,0.99859,3.29,0.81,10.9,7,"Spain"
6.5,0.23,0.39,1.9,0.036,41,98,0.99,3.19,0.43,11.9,7,"Portugal"
6.6,0.57,0.02,2.1,0.115,6,16,0.99654,3.38,0.69,9.5,5,"France"
5,1.04,0.24,1.6,0.05,32,96,0.9934,3.74,0.62,11.5,5,"Spain"
7,0.26,0.46,15.55,0.037,61,171,0.9986,2.94,0.35,8.8,6,"Portugal"
6.7,0.24,0.3,3.85,0.042,105,179,0.99189,3.04,0.59,11.3,8,"Italy"
6.3,0.3,0.2,3.7,0.039,34,132,0.99158,3,0.38,10.7,5,"Italy"
7,0.29,0.54,10.7,0.046,59,234,0.9966,3.05,0.61,9.5,5,"Italy"
6.9,0.26,0.38,10.5,0.044,33,139,0.99517,3.06,0.5,10.3,6,"Italy"
6,0.16,0.3,6.7,0.043,43,153,0.9951,3.63,0.46,10.6,5,"Italy"
7.9,0.72,0.01,1.9,0.076,7,32,0.99668,3.39,0.54,9.6,5,"Spain"
6.2,0.25,0.47,11.6,0.048,62,210,0.9968,3.19,0.5,9.5,5,"Italy"
11.6,0.475,0.4,1.4,0.091,6,28,0.99704,3.07,0.65,10.0333333333333,6,"Spain"
8.6,0.485,0.29,4.1,0.026,19,101,0.9918,3.01,0.38,12.4,5,"Portugal"
7.2,0.34,0.32,2.5,0.09,43,113,0.9966,3.32,0.79,11.1,5,"Spain"
7.3,0.52,0.32,2.1,0.07,51,70,0.99418,3.34,0.82,12.9,6,"Spain"
6.3,0.76,0,2.9,0.072,26,52,0.99379,3.51,0.6,11.5,6,"France"
6.6,0.56,0.22,8.9,0.034,27,133,0.99675,3.2,0.51,9.1,5,"Italy"
7.1,0.2,0.35,3.2,0.034,21,107,0.99195,3.11,0.54,11.1,6,"Portugal"
7.5,0.52,0.11,1.5,0.079,11,39,0.9968,3.42,0.58,9.6,5,"Spain"
6.3,0.26,0.25,5.2,0.046,11,133,0.99202,2.97,0.68,11,6,"Italy"
6.6,0.725,0.09,5.5,0.117,9,17,0.99655,3.35,0.49,10.8,6,"France"
8.9,0.35,0.4,3.6,0.11,12,24,0.99549,3.23,0.7,12,7,"France"
7,0.14,0.28,1.3,0.026,10,56,0.99352,3.46,0.45,9.9,5,"Portugal"
6,0.29,0.25,1.4,0.033,30,114,0.98794,3.08,0.43,13.2,6,"Italy"
6.8,0.815,0,1.2,0.267,16,29,0.99471,3.32,0.51,9.8,3,"France"
7.1,0.14,0.4,1.2,0.051,55,136,0.9932,3.3,0.96,9.8,7,"Italy"
6.1,0.17,0.27,1.5,0.056,45,135,0.9924,3.2,0.43,10.2,6,"Italy"
8,0.28,0.44,1.8,0.081,28,68,0.99501,3.36,0.66,11.2,5,"Spain"
5.9,0.24,0.26,12.3,0.053,34,134,0.9972,3.34,0.45,9.5,6,"Portugal"
7.1,0.23,0.23,3.5,0.038,23,112,0.99157,3.05,0.37,11.3666666666667,6,"Portugal"
6.7,0.24,0.41,2.9,0.039,48,122,0.99052,3.25,0.43,12,5,"Portugal"
5.8,0.28,0.27,2.6,0.054,30,156,0.9914,3.53,0.42,12.4,5,"Portugal"
6.5,0.24,0.24,1.6,0.046,15,60,0.9928,3.19,0.39,9.8,5,"Italy"
8.1,0.73,0,2.5,0.081,12,24,0.99798,3.38,0.46,9.6,4,"France"
5.7,0.265,0.28,6.9,0.036,46,150,0.99299,3.36,0.44,10.8,7,"Portugal"
7.4,0.29,0.38,1.7,0.062,9,30,0.9968,3.41,0.53,9.5,6,"Spain"
7.2,0.38,0.31,2,0.056,15,29,0.99472,3.23,0.76,11.3,8,"Spain"
6.6,0.695,0,2.1,0.075,12,56,0.9968,3.49,0.67,9.2,5,"France"
7.6,0.21,0.35,1.2,0.041,7,106,0.9914,3.06,0.45,11.3,4,"Italy"
7.7,0.61,0.18,2.4,0.083,6,20,0.9963,3.29,0.6,10.2,6,"France"
6.4,0.31,0.5,5.8,0.038,42,111,0.99189,3.18,0.53,11.9,7,"Portugal"
8.3,0.22,0.34,1.1,0.043,20,116,0.9927,3,0.47,10.2,6,"Portugal"
5.9,0.29,0.25,13.4,0.067,72,160,0.99721,3.33,0.54,10.3,6,"Spain"
9.1,0.785,0,2.6,0.093,11,28,0.9994,3.36,0.86,9.4,6,"Spain"
7.2,0.25,0.28,14.4,0.055,55,205,0.9986,3.12,0.38,9,7,"Portugal"
6.5,0.24,0.29,8.2,0.043,32,156,0.99453,3.13,0.7,10.1,6,"Italy"
7.9,0.6,0.06,1.6,0.069,15,59,0.9964,3.3,0.46,9.4,5,"Spain"
8.2,0.61,0.45,5.4,0.03,15,118,0.9954,3.14,0.34,9.6,5,"Portugal"
7.7,0.715,0.01,2.1,0.064,31,43,0.99371,3.41,0.57,11.8,6,"Spain"
7.9,0.53,0.24,2,0.072,15,105,0.996,3.27,0.54,9.4,6,"Spain"
11.6,0.44,0.64,2.1,0.059,5,15,0.998,3.21,0.67,10.2,6,"Spain"
7,0.655,0.16,2.1,0.074,8,25,0.99606,3.37,0.55,9.7,5,"Spain"
7.8,0.61,0.29,1.6,0.114,9,29,0.9974,3.26,1.56,9.1,5,"Spain"
8.3,0.2,0.35,0.9,0.05,12,74,0.992,3.13,0.38,10.5,6,"Portugal"
7.7,0.57,0.21,1.5,0.069,4,9,0.99458,3.16,0.54,9.8,6,"France"
6.5,0.9,0,1.6,0.052,9,17,0.99467,3.5,0.63,10.9,6,"France"
7.2,0.53,0.13,2,0.058,18,22,0.99573,3.21,0.68,9.9,6,"Spain"
6.4,0.17,0.27,9.9,0.047,26,101,0.99596,3.34,0.5,9.9,6,"Portugal"
6.4,0.37,0.25,1.9,0.074,21,49,0.9974,3.57,0.62,9.8,6,"Spain"
7.2,0.605,0.02,1.9,0.096,10,31,0.995,3.46,0.53,11.8,6,"France"
10.3,0.34,0.52,2.8,0.159,15,75,0.9998,3.18,0.64,9.4,5,"France"
12.5,0.28,0.54,2.3,0.082,12,29,0.9997,3.11,1.36,9.8,7,"France"
7.8,0.56,0.19,2.1,0.081,15,105,0.9962,3.33,0.54,9.5,5,"France"
10.2,0.49,0.63,2.9,0.072,10,26,0.9968,3.16,0.78,12.5,7,"France"
6.3,0.26,0.49,1.5,0.052,34,134,0.9924,2.99,0.61,9.8,6,"Italy"
9,0.38,0.53,2.1,0.102,19,76,0.99001,2.93,0.57,12.9,5,"Portugal"
6,0.28,0.29,19.3,0.051,36,174,0.99911,3.14,0.5,9,5,"Portugal"
6.5,0.33,0.24,14.5,0.048,20,96,0.99456,3.06,0.3,11.5,8,"Italy"
6.2,0.26,0.19,3.4,0.049,47,172,0.9924,3.14,0.43,10.4,6,"Portugal"
9.9,0.25,0.46,1.7,0.062,26,42,0.9959,3.18,0.83,10.6,6,"Spain"
10,0.69,0.11,1.4,0.084,8,24,0.99578,2.88,0.47,9.7,5,"France"
7.2,0.2,0.61,16.2,0.043,14,103,0.9987,3.06,0.36,9.2,6,"Portugal"
8.5,0.56,0.74,17.85,0.051,51,243,1.0005,2.99,0.7,9.2,5,"Portugal"
6.9,0.31,0.32,1.6,0.036,34,114,0.99068,3.19,0.45,11.4,7,"Portugal"
6.8,0.67,0.15,1.8,0.118,13,20,0.9954,3.42,0.67,11.3,6,"Spain"
6.5,0.31,0.14,7.5,0.044,34,133,0.9955,3.22,0.5,9.5,5,"Portugal"
10.1,0.935,0.22,3.4,0.105,11,86,1.001,3.43,0.64,11.3,4,"Spain"
5.8,0.32,0.28,4.3,0.032,46,115,0.98946,3.16,0.57,13,8,"Italy"
7.3,0.29,0.3,13,0.043,46,238,0.9986,3.06,0.41,8.7,6,"Portugal"
8.2,0.24,0.34,5.1,0.062,8,22,0.9974,3.22,0.94,10.9,6,"Spain"
7.2,0.17,0.28,17.55,0.05,33,154,0.99971,2.94,0.43,9,7,"Italy"
6.7,0.12,0.3,5.2,0.048,38,113,0.99352,3.33,0.44,10.1,7,"Italy"
6.2,0.36,0.24,2.2,0.095,19,42,0.9946,3.57,0.57,11.7,6,"France"
6.2,0.36,0.24,2.2,0.095,19,42,0.9946,3.57,0.57,11.7,6,"Spain"
6.7,0.36,0.28,8.3,0.034,29,81,0.99151,2.96,0.39,12.5,6,"Portugal"
8,0.18,0.37,0.9,0.049,36,109,0.99007,2.89,0.44,12.7,6,"France"
6.2,0.2,0.29,11.8,0.035,21,93,0.99364,3.18,0.34,11.9,6,"Italy"
6.9,0.49,0.1,2.3,0.074,12,30,0.9959,3.42,0.58,10.2,6,"Spain"
6.5,0.22,0.25,17.1,0.05,44,138,1.0001,3.3,0.37,8.8,5,"Portugal"
6.8,0.57,0.29,2.2,0.04,15,77,0.9938,3.32,0.74,10.2,5,"Italy"
7.4,0.19,0.31,14.5,0.045,39,193,0.9986,3.1,0.5,9.2,6,"Italy"
9,0.54,0.49,2.9,0.094,41,110,0.9982,3.08,0.61,9.2,5,"Spain"
6.1,0.32,0.25,2.3,0.071,23,58,0.99633,3.42,0.97,10.6,5,"Spain"
10.4,0.24,0.49,1.8,0.075,6,20,0.9977,3.18,1.06,11,6,"France"
6.2,0.23,0.38,1.6,0.044,12,113,0.99176,3.3,0.73,11.4,5,"Portugal"
10.2,0.645,0.36,1.8,0.053,5,14,0.9982,3.17,0.42,10,6,"Spain"
8.3,0.78,0.1,2.6,0.081,45,87,0.9983,3.48,0.53,10,5,"France"
6.8,0.48,0.08,1.8,0.074,40,64,0.99529,3.12,0.49,9.6,5,"Spain"
11.3,0.62,0.67,5.2,0.086,6,19,0.9988,3.22,0.69,13.4,8,"Spain"
11.6,0.41,0.58,2.8,0.096,25,101,1.00024,3.13,0.53,10,5,"Spain"
5.8,0.68,0.02,1.8,0.087,21,94,0.9944,3.54,0.52,10,5,"Spain"
6,0.45,0.42,1.1,0.051,61,197,0.9932,3.02,0.4,9,5,"Italy"
11.1,0.42,0.47,2.65,0.085,9,34,0.99736,3.24,0.77,12.1,7,"Spain"
7,0.13,0.3,5,0.056,31,122,0.9945,3.47,0.42,10.5,6,"Portugal"
7.1,0.715,0,2.35,0.071,21,47,0.99632,3.29,0.45,9.4,5,"Spain"
7.9,0.54,0.34,2.5,0.076,8,17,0.99235,3.2,0.72,13.1,8,"Spain"
8.3,0.31,0.39,2.4,0.078,17,43,0.99444,3.31,0.77,12.5,7,"Spain"
7,0.22,0.26,1.1,0.037,20,71,0.9902,3.1,0.38,11.7,6,"Portugal"
6.7,0.325,0.82,1.2,0.152,49,120,0.99312,2.99,0.38,9.2,5,"Italy"
10.6,0.34,0.49,3.2,0.078,20,78,0.9992,3.19,0.7,10,6,"France"
5.9,0.27,0.27,5,0.035,14,97,0.99058,3.1,0.33,11.8,7,"Italy"
7.3,0.23,0.41,14.6,0.048,73,223,0.99863,3.16,0.71,9.4,6,"Portugal"
6.6,0.24,0.27,15.8,0.035,46,188,0.9982,3.24,0.51,9.2,5,"Italy"
6.4,0.22,0.49,7.5,0.054,42,151,0.9948,3.27,0.52,10.1,6,"Italy"
7.2,0.62,0.06,2.7,0.077,15,85,0.99746,3.51,0.54,9.5,5,"France"
10.6,0.28,0.39,15.5,0.069,6,23,1.0026,3.12,0.66,9.2,5,"France"
6.7,0.2,0.24,6.5,0.044,28,100,0.99348,3.12,0.33,10.2,6,"Portugal"
6.8,0.52,0.32,13.2,0.044,54,221,0.9972,3.27,0.5,9.6,6,"Italy"
6.2,0.24,0.28,12.2,0.049,54,133,0.9952,3.19,0.37,10.7,6,"Portugal"
7.6,0.31,0.34,2.5,0.082,26,35,0.99356,3.22,0.59,12.5,7,"France"
9.3,0.43,0.44,1.9,0.085,9,22,0.99708,3.28,0.55,9.5,5,"France"
6.4,0.2,0.28,2.5,0.032,24,84,0.99168,3.31,0.55,11.5,5,"Portugal"
13.2,0.46,0.52,2.2,0.071,12,35,1.0006,3.1,0.56,9,6,"Spain"
8.3,0.26,0.37,1.4,0.076,8,23,0.9974,3.26,0.7,9.6,6,"France"
11.6,0.23,0.57,1.8,0.074,3,8,0.9981,3.14,0.7,9.9,6,"Spain"
7,0.2,0.34,2.1,0.049,12,136,0.9922,3.25,0.46,11.6,7,"Italy"
6.7,0.21,0.42,9.1,0.049,31,150,0.9953,3.12,0.74,9.9,7,"Portugal"
8,0.44,0.49,9.1,0.031,46,151,0.9926,3.16,0.27,12.7,8,"Portugal"
5.3,0.47,0.11,2.2,0.048,16,89,0.99182,3.54,0.88,13.5666666666667,7,"France"
7,0.36,0.3,5,0.04,40,143,0.99173,3.33,0.42,12.2,7,"Portugal"
7.4,0.58,0,2,0.064,7,11,0.99562,3.45,0.58,11.3,6,"Spain"
7.6,0.95,0.03,2,0.09,7,20,0.9959,3.2,0.56,9.6,5,"France"
13.2,0.46,0.52,2.2,0.071,12,35,1.0006,3.1,0.56,9,6,"France"
6.6,0.855,0.02,2.4,0.062,15,23,0.99627,3.54,0.6,11,6,"Spain"
7.2,0.6,0.04,2.5,0.076,18,88,0.99745,3.53,0.55,9.5,5,"France"
11.3,0.37,0.5,1.8,0.09,20,47,0.99734,3.15,0.57,10.5,5,"France"
8.2,0.2,0.49,3.5,0.057,14,108,0.9928,3.19,0.35,11.5,6,"Italy"
6.7,0.675,0.07,2.4,0.089,17,82,0.9958,3.35,0.54,10.1,5,"Spain"
7.1,0.71,0,1.9,0.08,14,35,0.9972,3.47,0.55,9.4,5,"Spain"
8,0.34,0.25,6.4,0.035,38,103,0.99148,2.91,0.23,12.2,6,"Portugal"
7.7,0.67,0.23,2.1,0.088,17,96,0.9962,3.32,0.48,9.5,5,"France"
8,0.59,0.05,2,0.089,12,32,0.99735,3.36,0.61,10,5,"France"
6.5,0.24,0.28,1.1,0.034,26,83,0.98928,3.25,0.33,12.3,6,"Italy"
6.4,0.32,0.26,7.9,0.05,53,180,0.99514,3.14,0.5,9.6,5,"Portugal"
7,0.58,0.12,1.9,0.091,34,124,0.9956,3.44,0.48,10.5,5,"Spain"
5.8,0.28,0.3,1.5,0.026,31,114,0.98952,3.32,0.6,12.5,7,"Portugal"
8.7,0.625,0.16,2,0.101,13,49,0.9962,3.14,0.57,11,5,"France"
6,0.49,0,2.3,0.068,15,33,0.99292,3.58,0.59,12.5,6,"France"
5.7,0.2,0.3,2.5,0.046,38,125,0.99276,3.34,0.5,9.9,6,"Portugal"
7,0.19,0.23,5.7,0.123,27,104,0.9954,3.04,0.54,9.4,6,"Portugal"
9.5,0.21,0.47,1.3,0.039,21,123,0.9959,2.9,0.64,9.5,5,"Portugal"
7.5,0.21,0.32,4.8,0.056,39,113,0.99393,3.11,0.52,10.2,7,"Italy"
7.2,0.29,0.18,8.2,0.042,41,180,0.99644,3.16,0.49,9.1,5,"Italy"
9.1,0.6,0,1.9,0.058,5,10,0.9977,3.18,0.63,10.4,6,"Spain"
8.3,0.28,0.48,2.1,0.093,6,12,0.99408,3.26,0.62,12.4,7,"France"
8,0.22,0.42,14.6,0.044,45,163,1.0003,3.21,0.69,8.6,7,"Italy"
15.5,0.645,0.49,4.2,0.095,10,23,1.00315,2.92,0.74,11.1,5,"Spain"
6.9,0.26,0.29,4.2,0.043,33,114,0.9902,3.16,0.31,12.5,6,"Italy"
8.7,0.3,0.59,1.7,0.046,10,70,0.99373,3.06,0.56,10.8,4,"Italy"
6.6,0.27,0.41,1.3,0.052,16,142,0.9951,3.42,0.47,10,6,"Portugal"
6.8,0.11,0.42,1.1,0.042,51,132,0.99059,3.18,0.74,11.3,7,"Italy"
8.7,0.52,0.09,2.5,0.091,20,49,0.9976,3.34,0.86,10.6,7,"Spain"
6.6,0.41,0.16,1.4,0.037,28,160,0.99167,2.95,0.45,10.6,6,"Portugal"
7.1,0.66,0,2.4,0.052,6,11,0.99318,3.35,0.66,12.7,7,"Spain"
4.6,0.52,0.15,2.1,0.054,8,65,0.9934,3.9,0.56,13.1,4,"Spain"
7.5,0.49,0.2,2.6,0.332,8,14,0.9968,3.21,0.9,10.5,6,"Spain"
6.8,0.46,0.26,6.3,0.147,49,159,0.99434,3.14,0.47,10,5,"Italy"
8.9,0.38,0.4,2.2,0.068,12,28,0.99486,3.27,0.75,12.6,7,"France"
9.1,0.5,0.3,1.9,0.065,8,17,0.99774,3.32,0.71,10.5,6,"Spain"
6.7,0.24,0.29,6.8,0.038,54,127,0.9932,3.33,0.46,11.6,7,"Italy"
9.7,0.66,0.34,2.6,0.094,12,88,0.99796,3.26,0.66,10.1,5,"France"
7.9,0.43,0.21,1.6,0.106,10,37,0.9966,3.17,0.91,9.5,5,"France"
7.8,0.34,0.37,2,0.082,24,58,0.9964,3.34,0.59,9.4,6,"France"
6.2,0.23,0.36,17.2,0.039,37,130,0.99946,3.23,0.43,8.8,6,"Portugal"
7.4,0.19,0.3,12.8,0.053,48.5,229,0.9986,3.14,0.49,9.1,7,"Portugal"
7.4,0.155,0.34,2.3,0.045,73.5,214,0.9934,3.18,0.61,9.9,7,"Portugal"
8,0.22,0.28,14,0.053,83,197,0.9981,3.14,0.45,9.8,6,"Italy"
5.2,0.365,0.08,13.5,0.041,37,142,0.997,3.46,0.39,9.9,6,"Portugal"
7.3,0.24,0.43,2,0.021,20,69,0.99,3.08,0.56,12.2,6,"Italy"
7.2,0.2,0.3,2,0.039,43,188,0.9911,3.3,0.41,12,6,"Portugal"
6.3,0.29,0.4,6.5,0.039,43,167,0.9953,3.15,0.44,9.3,6,"Portugal"
6.2,0.785,0,2.1,0.06,6,13,0.99664,3.59,0.61,10,4,"France"
7.8,0.17,0.5,1.3,0.045,35,140,0.9904,3.16,0.4,12,6,"Portugal"
5.6,0.66,0,2.2,0.087,3,11,0.99378,3.71,0.63,12.8,7,"France"
7.8,0.15,0.34,1.1,0.035,31,93,0.99096,3.07,0.72,11.3,7,"Italy"
6.5,0.52,0.11,1.8,0.073,13,38,0.9955,3.34,0.52,9.3,5,"France"
6,0.5,0.04,2.2,0.092,13,26,0.99647,3.46,0.47,10,5,"France"
7.6,0.78,0,1.7,0.076,33,45,0.99612,3.31,0.62,10.7,6,"France"
10.8,0.89,0.3,2.6,0.132,7,60,0.99786,2.99,1.18,10.2,5,"France"
7.5,0.27,0.34,2.3,0.05,4,8,0.9951,3.4,0.64,11,7,"France"
6.6,0.58,0,2.2,0.1,50,63,0.99544,3.59,0.68,11.4,6,"France"
5.8,0.27,0.4,1.2,0.076,47,130,0.99185,3.13,0.45,10.3,6,"Portugal"
6.5,0.61,0,2.2,0.095,48,59,0.99541,3.61,0.7,11.5,6,"Spain"
6.8,0.26,0.32,7,0.041,38,118,0.9939,3.25,0.52,10.8,6,"Italy"
7.2,0.49,0.24,2.2,0.07,5,36,0.996,3.33,0.48,9.4,5,"Spain"
7.2,0.27,0.42,1.6,0.05,35,135,0.992,2.94,0.46,11,6,"Portugal"
6.9,0.19,0.6,4,0.037,6,122,0.99255,2.92,0.59,10.4,4,"Portugal"
6.3,0.27,0.46,11.75,0.037,61,212,0.9971,3.25,0.53,9.5,6,"Portugal"
5.1,0.33,0.22,1.6,0.027,18,89,0.9893,3.51,0.38,12.5,7,"Portugal"
6.8,0.34,0.36,8.9,0.029,44,128,0.99318,3.28,0.35,11.95,7,"Italy"
7.1,0.84,0.02,4.4,0.096,5,13,0.997,3.41,0.57,11,4,"France"
6.9,0.74,0.03,2.3,0.054,7,16,0.99508,3.45,0.63,11.5,6,"France"
7,0.735,0.05,2,0.081,13,54,0.9966,3.39,0.57,9.8,5,"France"
6.8,0.81,0.05,2,0.07,6,14,0.99562,3.51,0.66,10.8,6,"Spain"
7.8,0.2,0.2,1.4,0.036,25,83,0.99088,3.03,0.46,11.7,6,"Portugal"
7.1,0.35,0.29,2.5,0.096,20,53,0.9962,3.42,0.65,11,6,"Spain"
8.7,0.33,0.38,3.3,0.063,10,19,0.99468,3.3,0.73,12,7,"France"
11,0.3,0.58,2.1,0.054,7,19,0.998,3.31,0.88,10.5,7,"Spain"
7.3,0.67,0.05,3.6,0.107,6,20,0.9972,3.4,0.63,10.1,5,"Spain"
7.6,0.9,0.06,2.5,0.079,5,10,0.9967,3.39,0.56,9.8,5,"France"
5.2,0.32,0.25,1.8,0.103,13,50,0.9957,3.38,0.55,9.2,5,"France"
6.3,0.255,0.37,1.1,0.04,37,114,0.9905,3,0.39,10.9,6,"Portugal"
12.9,0.35,0.49,5.8,0.066,5,35,1.0014,3.2,0.66,12,7,"Spain"
7.5,0.61,0.26,1.9,0.073,24,88,0.99612,3.3,0.53,9.8,5,"France"
6,0.36,0.39,3.2,0.027,20,125,0.991,3.38,0.39,11.3,7,"Portugal"
7.4,0.635,0.1,2.4,0.08,16,33,0.99736,3.58,0.69,10.8,7,"Spain"
6.9,0.16,0.37,1.8,0.034,36,95,0.98952,2.93,0.59,12,6,"Italy"
8.2,0.26,0.34,2.5,0.073,16,47,0.99594,3.4,0.78,11.3,7,"France"
7.8,0.54,0.26,2,0.088,23,48,0.9981,3.41,0.74,9.2,6,"France"
7.3,0.23,0.34,9.3,0.052,19,86,0.99574,3.04,0.56,10,5,"Italy"
6.1,0.17,0.28,4.5,0.033,46,150,0.9933,3.43,0.49,10.9,6,"Italy"
7.7,0.28,0.3,2,0.062,18,34,0.9952,3.28,0.9,11.3,7,"France"
7.5,0.38,0.57,2.3,0.106,5,12,0.99605,3.36,0.55,11.4,6,"France"
7.1,0.28,0.19,7.8,0.04,48,184,0.99579,3.16,0.5,9.4,5,"Italy"
8.5,0.23,0.4,9.9,0.036,24,88,0.9951,3.02,0.42,10.5,6,"Italy"
10.9,0.53,0.49,4.6,0.118,10,17,1.0002,3.07,0.56,11.7,6,"France"
6.3,0.27,0.46,11.1,0.053,44,177,0.99691,3.18,0.67,9.4,5,"Italy"
7,0.65,0.02,2.1,0.066,8,25,0.9972,3.47,0.67,9.5,6,"Spain"
5.9,0.19,0.21,1.7,0.045,57,135,0.99341,3.32,0.44,9.5,5,"Portugal"
6.8,0.32,0.18,7.5,0.041,71,223,0.9959,3.14,0.41,8.9,5,"Italy"
7.5,0.58,0.03,4.1,0.08,27,46,0.99592,3.02,0.47,9.2,5,"Spain"
7,0.16,0.25,14.3,0.044,27,149,0.998,2.91,0.46,9.2,6,"Portugal"
6.7,0.24,0.46,2.2,0.033,19,111,0.99045,3.1,0.62,11.9,6,"Italy"
7.1,0.875,0.05,5.7,0.082,3,14,0.99808,3.4,0.52,10.2,3,"France"
10.7,0.9,0.34,6.6,0.112,23,99,1.00289,3.22,0.68,9.3,5,"France"
6.8,0.13,0.39,1.4,0.034,19,102,0.99121,3.23,0.6,11.3,7,"Italy"
8.4,0.745,0.11,1.9,0.09,16,63,0.9965,3.19,0.82,9.6,5,"France"
7.5,0.59,0.22,1.8,0.082,43,60,0.99499,3.1,0.42,9.2,5,"Spain"
6.1,0.17,0.21,1.9,0.09,44,130,0.99255,3.07,0.41,9.7,5,"Italy"
8.8,0.31,0.4,2.8,0.109,7,16,0.99614,3.31,0.79,11.8,7,"Spain"
7.3,0.59,0.26,2,0.08,17,104,0.99584,3.28,0.52,9.9,5,"France"
6.4,0.37,0.2,5.6,0.117,61,183,0.99459,3.24,0.43,9.5,5,"Portugal"
6.3,0.57,0.28,2.1,0.048,13,49,0.99374,3.41,0.6,12.8,5,"Spain"
9,0.46,0.31,2.8,0.093,19,98,0.99815,3.32,0.63,9.5,6,"Spain"
8.5,0.18,0.51,1.75,0.071,45,88,0.99524,3.33,0.76,11.8,7,"Spain"
7.1,0.31,0.3,2.2,0.053,36,127,0.9965,2.94,1.62,9.5,5,"Spain"
9.4,0.685,0.26,2.4,0.082,23,143,0.9978,3.28,0.55,9.4,5,"France"
10.3,0.53,0.48,2.5,0.063,6,25,0.9998,3.12,0.59,9.3,6,"France"
10.4,0.61,0.49,2.1,0.2,5,16,0.9994,3.16,0.63,8.4,3,"France"
6.4,0.26,0.49,6.4,0.037,37,161,0.9954,3.38,0.53,9.7,6,"Italy"
6.2,0.18,0.49,4.5,0.047,17,90,0.9919,3.27,0.37,11.6,6,"Portugal"
11.9,0.37,0.69,2.3,0.078,12,24,0.9958,3,0.65,12.8,6,"France"
6.4,0.24,0.32,14.9,0.047,54,162,0.9968,3.28,0.5,10.2,6,"Portugal"
7.1,0.52,0.03,2.6,0.076,21,92,0.99745,3.5,0.6,9.8,5,"Spain"
6.2,0.46,0.29,2.1,0.074,32,98,0.99578,3.33,0.62,9.8,5,"France"
7.1,0.3,0.49,1.6,0.045,31,100,0.9942,3.4,0.59,10.2,5,"Italy"
7.6,0.2,0.3,14.2,0.056,53,212.5,0.999,3.14,0.46,8.9,8,"Italy"
5.7,0.25,0.26,12.5,0.049,52.5,106,0.99691,3.08,0.45,9.4,6,"Italy"
7.7,0.17,0.52,5.9,0.017,21,84,0.9929,3.14,0.4,11.9,7,"Portugal"
9.6,0.32,0.47,1.4,0.056,9,24,0.99695,3.22,0.82,10.3,7,"Spain"
7,0.32,0.29,7.6,0.025,35,124,0.99162,3.15,0.65,12.8,7,"Italy"
7.6,0.79,0.21,2.3,0.087,21,68,0.9955,3.12,0.44,9.2,5,"France"
6.1,0.28,0.25,6.9,0.056,44,201,0.9955,3.19,0.4,9.1,6,"Italy"
7.4,0.34,0.28,12.1,0.049,31,149,0.99677,3.22,0.49,10.3,5,"Italy"
7.9,0.4,0.29,1.8,0.157,1,44,0.9973,3.3,0.92,9.5,6,"Spain"
6,0.42,0.41,12.4,0.032,50,179,0.99622,3.14,0.6,9.7,5,"Portugal"
12.8,0.84,0.63,2.4,0.088,13,35,0.9997,3.1,0.6,10.4,6,"France"
10.3,0.5,0.42,2,0.069,21,51,0.9982,3.16,0.72,11.5,6,"France"
8.9,0.595,0.41,7.9,0.086,30,109,0.9998,3.27,0.57,9.3,5,"France"
9.9,0.54,0.45,2.3,0.071,16,40,0.9991,3.39,0.62,9.4,5,"France"
5.7,0.22,0.2,16,0.044,41,113,0.99862,3.22,0.46,8.9,6,"Italy"
6.9,0.41,0.31,2,0.079,21,51,0.99668,3.47,0.55,9.5,6,"Spain"
6.3,0.32,0.17,17.75,0.06,51,190,0.99916,3.13,0.48,8.8,6,"Portugal"
6,0.41,0.23,1.1,0.066,22,148,0.99266,3.3,0.47,9.63333333333333,5,"Italy"
7,0.22,0.28,10.6,0.039,32,117,0.99355,3.05,0.55,11.5,7,"Portugal"
6.2,0.3,0.17,2.8,0.04,24,125,0.9939,3.01,0.46,9,5,"Italy"
9.7,0.295,0.4,1.5,0.073,14,21,0.99556,3.14,0.51,10.9,6,"Spain"
6.8,0.25,0.24,1.6,0.045,39,164,0.99402,3.53,0.58,10.8,5,"Italy"
12.3,0.39,0.63,2.3,0.091,6,18,1.0004,3.16,0.49,9.5,5,"France"
7.9,0.69,0.21,2.1,0.08,33,141,0.9962,3.25,0.51,9.9,5,"France"
10,0.59,0.31,2.2,0.09,26,62,0.9994,3.18,0.63,10.2,6,"Spain"
7.1,0.48,0.28,2.8,0.068,6,16,0.99682,3.24,0.53,10.3,5,"Spain"
10,0.43,0.33,2.7,0.095,28,89,0.9984,3.22,0.68,10,5,"France"
6.9,0.63,0.01,2.4,0.076,14,39,0.99522,3.34,0.53,10.8,6,"Spain"
6.2,0.26,0.2,8,0.047,35,111,0.99445,3.11,0.42,10.4,6,"Portugal"
7.3,0.66,0,2,0.084,6,23,0.9983,3.61,0.96,9.9,6,"France"
6.7,0.75,0.12,2,0.086,12,80,0.9958,3.38,0.52,10.1,5,"Spain"
6.8,0.24,0.29,9.5,0.042,56,157,0.99586,3.11,0.51,10.1,6,"Italy"
6.6,0.24,0.22,12.3,0.051,35,146,0.99676,3.1,0.67,9.4,5,"Portugal"
9.5,0.59,0.44,2.3,0.071,21,68,0.9992,3.46,0.63,9.5,5,"Spain"
9.1,0.795,0,2.6,0.096,11,26,0.9994,3.35,0.83,9.4,6,"France"
9.1,0.28,0.46,9,0.114,3,9,0.99901,3.18,0.6,10.9,6,"France"
7.4,0.53,0.26,2,0.101,16,72,0.9957,3.15,0.57,9.4,5,"Spain"
7.1,0.32,0.24,13.1,0.05,52,204,0.998,3.1,0.49,8.8,5,"Italy"
6.6,0.33,0.24,16.05,0.045,31,147,0.99822,3.08,0.52,9.2,5,"Portugal"
10.4,0.33,0.63,2.8,0.084,5,22,0.9998,3.26,0.74,11.2,7,"France"
6.4,0.3,0.36,2,0.052,18,141,0.99273,3.38,0.53,10.5,6,"Italy"
6.4,0.22,0.3,11.2,0.046,53,149,0.99479,3.21,0.34,10.8,5,"Portugal"
7.2,0.835,0,2,0.166,4,11,0.99608,3.39,0.52,10,5,"France"
5.9,0.3,0.23,4.2,0.038,42,119,0.9924,3.15,0.5,11,5,"Italy"
7.8,0.6,0.26,2,0.08,31,131,0.99622,3.21,0.52,9.9,5,"Spain"
6.8,0.25,0.18,1.4,0.056,13,137,0.9935,3.11,0.42,9.5,5,"Italy"
7.2,0.28,0.38,2,0.052,23,156,0.9912,3.13,0.52,11.1,5,"Italy"
8.4,0.635,0.36,2,0.089,15,55,0.99745,3.31,0.57,10.4,4,"Spain"
6.6,0.58,0.02,2.4,0.069,19,40,0.99387,3.38,0.66,12.6,6,"France"
8.5,0.34,0.44,1.7,0.079,6,12,0.99605,3.52,0.63,10.7,5,"France"
5.8,0.14,0.15,6.1,0.042,27,123,0.99362,3.06,0.6,9.9,6,"Portugal"
5.5,0.12,0.33,1,0.038,23,131,0.99164,3.25,0.45,9.8,5,"Italy"
6.7,0.46,0.24,1.7,0.077,18,34,0.9948,3.39,0.6,10.6,6,"Spain"
8.9,0.22,0.48,1.8,0.077,29,60,0.9968,3.39,0.53,9.4,6,"France"
5.7,0.27,0.16,9,0.053,32,111,0.99474,3.36,0.37,10.4,6,"Portugal"
6.2,0.3,0.31,1.6,0.035,40,106,0.98914,3.26,0.39,12.9,7,"Portugal"
7.4,0.36,0.34,1.8,0.075,18,38,0.9933,3.38,0.88,13.6,7,"France"
6.8,0.39,0.31,14.35,0.043,28,162,0.9988,3.17,0.54,9.1,5,"Italy"
7.1,0.43,0.42,5.5,0.07,29,129,0.9973,3.42,0.72,10.5,5,"France"
6.9,0.24,0.33,1.7,0.035,47,136,0.99,3.26,0.4,12.6,7,"Italy"
6.8,0.64,0.03,2.3,0.075,14,31,0.99545,3.36,0.58,10.4,6,"Spain"
6.3,0.3,0.29,2.1,0.048,33,142,0.98956,3.22,0.46,12.9,7,"Portugal"
5.3,0.16,0.39,1,0.028,40,101,0.99156,3.57,0.59,10.6,6,"Portugal"
6.8,0.28,0.29,11.9,0.052,51,149,0.99544,3.02,0.58,10.4,6,"Portugal"
7.2,0.39,0.63,11,0.044,55,156,0.9974,3.09,0.44,8.7,6,"Italy"
8.9,0.48,0.53,4,0.101,3,10,0.99586,3.21,0.59,12.1,7,"Spain"
7.6,0.39,0.31,2.3,0.082,23,71,0.9982,3.52,0.65,9.7,5,"France"
9.1,0.25,0.34,2,0.071,45,67,0.99769,3.44,0.86,10.2,7,"France"
6.9,0.16,0.3,9.6,0.057,50,185,0.9978,3.39,0.38,9.6,6,"Portugal"
8.2,0.2,0.43,2.5,0.076,31,51,0.99672,3.53,0.81,10.4,6,"France"
7.1,0.19,0.28,3.6,0.033,16,78,0.993,2.91,0.78,11.4,6,"Portugal"
6.6,0.35,0.29,14.4,0.044,54,177,0.9991,3.17,0.58,8.9,6,"Italy"
8.2,0.56,0.23,3.4,0.078,14,104,0.9976,3.28,0.62,9.4,5,"France"
7.3,0.13,0.27,4.6,0.08,34,172,0.9938,3.23,0.39,11.1,7,"Italy"
8.3,0.42,0.38,2.5,0.094,24,60,0.9979,3.31,0.7,10.8,6,"France"
5.6,0.5,0.09,2.3,0.049,17,99,0.9937,3.63,0.63,13,5,"Spain"
7.8,0.5,0.12,1.8,0.178,6,21,0.996,3.28,0.87,9.8,6,"France"
8.6,0.83,0,2.8,0.095,17,43,0.99822,3.33,0.6,10.4,6,"Spain"
7.9,0.17,0.32,1.6,0.053,47,150,0.9948,3.29,0.76,9.6,6,"Portugal"
6,0.3,0.44,1.5,0.046,15,182,0.99455,3.5,0.52,10.4,5,"Portugal"
10.9,0.37,0.58,4,0.071,17,65,0.99935,3.22,0.78,10.1,5,"Spain"
6.1,0.28,0.27,4.7,0.03,56,140,0.99042,3.16,0.42,12.5,8,"Portugal"
6.4,0.15,0.44,1.2,0.043,67,150,0.9907,3.14,0.73,11.2,7,"Portugal"
9.1,0.29,0.33,2.05,0.063,13,27,0.99516,3.26,0.84,11.7,7,"France"
6.7,0.39,0.31,2.7,0.054,27,202,0.9948,3.46,0.57,10.5,6,"Portugal"
6.1,0.6,0.08,1.8,0.071,14,45,0.99336,3.38,0.54,11,5,"France"
8.2,0.22,0.3,1.8,0.047,47,185,0.9933,3.13,0.5,10.2,6,"Portugal"
8,0.29,0.49,11.7,0.035,40,131,0.9958,3.14,0.34,10.8,5,"Italy"
7.8,0.56,0.19,2,0.081,17,108,0.9962,3.32,0.54,9.5,5,"France"
7.6,0.18,0.28,7.1,0.041,29,110,0.99652,3.2,0.42,9.2,6,"Italy"
6.5,0.27,0.26,8.2,0.042,21,133,0.99612,3.43,0.64,9.8,6,"Portugal"
7.4,0.36,0.23,1.9,0.017,31,69,0.9892,2.93,0.36,12.5,6,"Italy"
6.6,0.22,0.23,17.3,0.047,37,118,0.99906,3.08,0.46,8.8,6,"Portugal"
11.4,0.46,0.5,2.7,0.122,4,17,1.0006,3.13,0.7,10.2,5,"Spain"
6.4,0.28,0.29,1.6,0.052,34,127,0.9929,3.48,0.56,10.5,7,"Italy"
5.6,0.915,0,2.1,0.041,17,78,0.99346,3.68,0.73,11.4,5,"France"
11.8,0.26,0.52,1.8,0.071,6,10,0.9968,3.2,0.72,10.2,7,"France"
5.6,0.28,0.27,3.9,0.043,52,158,0.99202,3.35,0.44,10.7,7,"Portugal"
6.3,0.22,0.34,1.2,0.036,32,96,0.98961,3.06,0.74,11.6,6,"Portugal"
6.9,0.25,0.24,3.6,0.057,13,85,0.9942,2.99,0.48,9.5,4,"Portugal"
12.5,0.6,0.49,4.3,0.1,5,14,1.001,3.25,0.74,11.9,6,"France"
5.6,0.28,0.28,4.2,0.044,52,158,0.992,3.35,0.44,10.7,7,"Italy"
9,0.45,0.49,2.6,0.084,21,75,0.9987,3.35,0.57,9.7,5,"France"
6.6,0.27,0.25,1.2,0.033,36,111,0.98918,3.16,0.37,12.4,6,"Italy"
7.2,0.34,0.21,2.5,0.075,41,68,0.99586,3.37,0.54,10.1,6,"France"
7.1,0.69,0.08,2.1,0.063,42,52,0.99608,3.42,0.6,10.2,6,"Spain"
7.1,0.12,0.32,9.6,0.054,64,162,0.9962,3.4,0.41,9.4,5,"Italy"
9.4,0.4,0.31,2.2,0.09,13,62,0.9966,3.07,0.63,10.5,6,"Spain"
7.4,0.7,0,1.9,0.076,11,34,0.9978,3.51,0.56,9.4,5,"France"
7.4,0.16,0.27,15.5,0.05,25,135,0.9984,2.9,0.43,8.7,7,"Italy"
7.4,0.25,0.29,6.8,0.02,31,113,0.99338,3.13,0.29,10.8,6,"Portugal"
7.3,0.13,0.31,2.3,0.054,22,104,0.9924,3.24,0.92,11.5,7,"Portugal"
7.7,1.005,0.15,2.1,0.102,11,32,0.99604,3.23,0.48,10,5,"Spain"
8.6,0.53,0.22,2,0.1,7,27,0.9967,3.2,0.56,10.2,6,"Spain"
7.3,0.2,0.39,2.3,0.048,24,87,0.99044,2.94,0.35,12,6,"Portugal"
7.5,0.31,0.51,14.8,0.039,62,204,0.9982,3.06,0.6,9.5,5,"Italy"
7.6,0.36,0.31,1.7,0.079,26,65,0.99716,3.46,0.62,9.5,6,"Spain"
13.3,0.43,0.58,1.9,0.07,15,40,1.0004,3.06,0.49,9,5,"France"
9,0.39,0.4,1.3,0.044,25,50,0.99478,3.2,0.83,10.9,6,"France"
7.1,0.56,0.14,1.6,0.078,7,18,0.99592,3.27,0.62,9.3,5,"France"
7.2,0.39,0.32,1.8,0.065,34,60,0.99714,3.46,0.78,9.9,5,"Spain"
8,0.37,0.31,4.7,0.038,3,127,0.99186,2.9,0.72,12.1,5,"Portugal"
8.5,0.47,0.27,1.9,0.058,18,38,0.99518,3.16,0.85,11.1,6,"France"
5.4,0.31,0.47,3,0.053,46,144,0.9931,3.29,0.76,10,5,"Italy"
6.6,0.46,0.49,7.4,0.052,19,184,0.9956,3.11,0.38,9,5,"Italy"
7.6,0.39,0.32,3.6,0.035,22,93,0.99144,3.08,0.6,12.5,7,"Portugal"
7.8,0.5,0.17,1.6,0.082,21,102,0.996,3.39,0.48,9.5,5,"Spain"
8.7,0.78,0.51,1.7,0.415,12,66,0.99623,3,1.17,9.2,5,"Spain"
5,0.27,0.32,4.5,0.032,58,178,0.98956,3.45,0.31,12.6,7,"Italy"
6.8,0.17,0.34,2,0.04,38,111,0.99,3.24,0.45,12.9,6,"Portugal"
5.9,0.12,0.27,4.8,0.03,40,110,0.99226,3.55,0.68,12.1,6,"Portugal"
6.4,0.36,0.53,2.2,0.23,19,35,0.9934,3.37,0.93,12.4,6,"France"
6.2,0.23,0.36,17.2,0.039,37,130,0.99946,3.23,0.43,8.8,6,"Portugal"
8.1,0.82,0,4.1,0.095,5,14,0.99854,3.36,0.53,9.6,5,"Spain"
8.4,0.56,0.08,2.1,0.105,16,44,0.9958,3.13,0.52,11,5,"Spain"
8.2,0.26,0.49,5.2,0.04,19,100,0.9941,3.12,0.34,10.1,6,"Portugal"
7.2,0.56,0.26,2,0.083,13,100,0.99586,3.26,0.52,9.9,5,"Spain"
8.5,0.585,0.18,2.1,0.078,5,30,0.9967,3.2,0.48,9.8,6,"Spain"
6.6,0.26,0.36,1.2,0.035,43,126,0.99094,3.01,0.63,11.4,6,"Italy"
10.1,0.27,0.54,2.3,0.065,7,26,0.99531,3.17,0.53,12.5,6,"Spain"
11.5,0.59,0.59,2.6,0.087,13,49,0.9988,3.18,0.65,11,6,"Spain"
7.2,0.37,0.32,2,0.062,15,28,0.9947,3.23,0.73,11.3,7,"Spain"
6.7,0.64,0.23,2.1,0.08,11,119,0.99538,3.36,0.7,10.9,5,"France"
6.6,0.26,0.31,4.8,0.138,41,168,0.9951,3.2,0.38,9.3,5,"Italy"
7,0.5,0.14,1.8,0.078,10,23,0.99636,3.53,0.61,10.4,5,"France"
12,0.5,0.59,1.4,0.073,23,42,0.998,2.92,0.68,10.5,7,"Spain"
7.3,1.07,0.09,1.7,0.178,10,89,0.9962,3.3,0.57,9,5,"Spain"
5.5,0.16,0.31,1.2,0.026,31,68,0.9898,3.33,0.44,11.65,6,"Italy"
7.3,0.28,0.54,12.9,0.049,62,162.5,0.9984,3.06,0.45,9.1,6,"Portugal"
7.1,0.59,0.02,2.3,0.082,24,94,0.99744,3.55,0.53,9.7,6,"Spain"
5.2,0.49,0.26,2.3,0.09,23,74,0.9953,3.71,0.62,12.2,6,"Spain"
6.5,0.22,0.34,12,0.053,55,177,0.9983,3.52,0.44,9.9,6,"Italy"
6.4,0.17,0.32,2.4,0.048,41,200,0.9938,3.5,0.5,9.7,6,"Italy"
7.5,0.23,0.36,7,0.036,43,161,0.9938,3.04,0.32,11,5,"Portugal"
8.2,0.7,0.23,2,0.099,14,81,0.9973,3.19,0.7,9.4,5,"France"
7.6,0.665,0.1,1.5,0.066,27,55,0.99655,3.39,0.51,9.3,5,"France"
7.5,0.6,0.03,1.8,0.095,25,99,0.995,3.35,0.54,10.1,5,"Spain"
10.2,0.44,0.42,2,0.071,7,20,0.99566,3.14,0.79,11.1,7,"France"
6.5,0.33,0.3,3.8,0.036,34,88,0.99028,3.25,0.63,12.5,7,"Italy"
6.4,0.31,0.31,12.9,0.045,55,161,0.99546,3.02,0.59,10.2,5,"Portugal"
6.7,0.67,0.02,1.9,0.061,26,42,0.99489,3.39,0.82,10.9,6,"Spain"
5.9,0.22,0.38,1.3,0.046,24,90,0.99232,3.2,0.47,10,6,"Italy"
7.8,0.56,0.19,1.8,0.104,12,47,0.9964,3.19,0.93,9.5,5,"France"
9,0.48,0.32,2.8,0.084,21,122,0.9984,3.32,0.62,9.4,5,"France"
7.4,0.18,0.24,1.4,0.047,21,106,0.99383,3.52,0.64,10.5,7,"Portugal"
7.5,0.58,0.56,3.1,0.153,5,14,0.99476,3.21,1.03,11.6,6,"Spain"
8.1,0.87,0,3.3,0.096,26,61,1.00025,3.6,0.72,9.8,4,"France"
6.5,0.22,0.28,3.7,0.059,29,151,0.99177,3.23,0.41,12.1,7,"Italy"
8,0.3,0.28,5.7,0.044,31,124,0.9948,3.16,0.51,10.2,6,"Portugal"
5,0.3,0.33,3.7,0.03,54,173,0.9887,3.36,0.3,13,7,"Italy"
6.5,0.885,0,2.3,0.166,6,12,0.99551,3.56,0.51,10.8,5,"France"
9.8,0.5,0.49,2.6,0.25,5,20,0.999,3.31,0.79,10.7,6,"Spain"
8.3,0.615,0.22,2.6,0.087,6,19,0.9982,3.26,0.61,9.3,5,"Spain"
7,0.685,0,1.9,0.099,9,22,0.99606,3.34,0.6,9.7,5,"France"
6.4,0.38,0.19,4.5,0.038,36,119,0.99151,3.07,0.42,11.2,6,"Portugal"
6.1,0.38,0.47,1.4,0.051,59,210,0.99309,3.24,0.5,9.6,5,"Italy"
7.8,0.88,0,2.6,0.098,25,67,0.9968,3.2,0.68,9.8,5,"Spain"
8,0.23,0.41,1.1,0.048,35,150,0.99168,3.09,0.47,11.2,5,"Portugal"
7.8,0.52,0.25,1.9,0.081,14,38,0.9984,3.43,0.65,9,6,"Spain"
7.5,0.61,0.2,1.7,0.076,36,60,0.99494,3.1,0.4,9.3,5,"Spain"
10.4,0.44,0.73,6.55,0.074,38,76,0.999,3.17,0.85,12,7,"Spain"
8.3,0.715,0.15,1.8,0.089,10,52,0.9968,3.23,0.77,9.5,5,"Spain"
6.6,0.58,0.3,5.1,0.057,30,123,0.9949,3.24,0.38,9,5,"Portugal"
6.1,0.705,0.1,2.8,0.081,13,28,0.99631,3.6,0.66,10.2,5,"France"
6.5,0.21,0.37,2.5,0.048,70,138,0.9917,3.33,0.75,11.4,7,"Portugal"
6.6,0.22,0.37,15.4,0.035,62,153,0.99845,3.02,0.4,9.3,5,"Portugal"
7,0.54,0.09,2,0.081,10,16,0.99479,3.43,0.59,11.5,6,"Spain"
8.3,0.28,0.48,2.1,0.093,6,12,0.99408,3.26,0.62,12.4,7,"Spain"
4.8,0.34,0,6.5,0.028,33,163,0.9939,3.36,0.61,9.9,6,"Portugal"
8.8,0.37,0.48,2.1,0.097,39,145,0.9975,3.04,1.03,9.3,5,"Spain"
5.8,0.18,0.37,1.2,0.036,19,74,0.98853,3.09,0.49,12.7,7,"Italy"
4.9,0.345,0.34,1,0.068,32,143,0.99138,3.24,0.4,10.1,5,"Italy"
6.8,0.32,0.21,2.2,0.044,15,68,0.9932,3.17,0.39,9.4,6,"Italy"
5.9,0.2,0.28,12.8,0.038,29,132,0.99426,3.31,0.57,11.8,7,"Portugal"
6.6,0.61,0.01,1.9,0.08,8,25,0.99746,3.69,0.73,10.5,5,"Spain"
7.3,0.18,0.29,1.2,0.044,12,143,0.9918,3.2,0.48,11.3,7,"Italy"
9.5,0.46,0.49,6.3,0.064,5,17,0.9988,3.21,0.73,11,6,"France"
6.6,0.39,0.38,9.7,0.053,49,226,0.99787,3.3,0.57,9.4,6,"Portugal"
8.1,0.725,0.22,2.2,0.072,11,41,0.9967,3.36,0.55,9.1,5,"France"
6.5,0.22,0.72,6.8,0.042,33,168,0.9958,3.12,0.36,9.2,6,"Italy"
8.8,0.61,0.19,4,0.094,30,69,0.99787,3.22,0.5,10,6,"Spain"
6.4,0.26,0.42,9.7,0.044,30,140,0.9962,3.18,0.47,9.1,6,"Portugal"
6.2,0.7,0.15,5.1,0.076,13,27,0.99622,3.54,0.6,11.9,6,"Spain"
7.4,0.52,0.13,2.4,0.078,34,61,0.99528,3.43,0.59,10.8,6,"Spain"
8.5,0.25,0.31,2.8,0.032,11,61,0.99189,3.06,0.44,11.5,6,"Italy"
5.8,0.17,0.3,1.4,0.037,55,130,0.9909,3.29,0.38,11.3,6,"Portugal"
6.1,0.68,0.52,1.4,0.037,32,123,0.99022,3.24,0.45,12,6,"Italy"
7.3,0.23,0.27,2.6,0.035,39,120,0.99138,3.04,0.59,11.3,7,"Portugal"
5.8,0.58,0,1.5,0.02,33,96,0.98918,3.29,0.38,12.4,6,"Portugal"
8.3,0.65,0.1,2.9,0.089,17,40,0.99803,3.29,0.55,9.5,5,"Spain"
7.1,0.17,0.38,7.4,0.052,49,182,0.9958,3.35,0.52,9.6,6,"Portugal"
7.9,0.29,0.49,2.2,0.096,21,59,0.99714,3.31,0.67,10.1,6,"France"
6.7,0.23,0.33,8.1,0.048,45,176,0.99472,3.11,0.52,10.1,6,"Portugal"
6.5,0.28,0.38,7.8,0.031,54,216,0.99154,3.03,0.42,13.1,6,"Italy"
5.8,0.42,0.3,2.2,0.035,26,129,0.989,3.32,0.47,12.9,6,"Italy"
6.3,0.47,0,1.4,0.055,27,33,0.9922,3.45,0.48,12.3,6,"France"
7.9,0.2,0.35,1.7,0.054,7,15,0.99458,3.32,0.8,11.9,7,"Spain"
7.2,0.23,0.39,14.2,0.058,49,192,0.9979,2.98,0.48,9,7,"Italy"
9.9,0.32,0.56,2,0.073,3,8,0.99534,3.15,0.73,11.4,6,"Spain"
7.1,0.13,0.38,1.8,0.046,14,114,0.9925,3.32,0.9,11.7,6,"Portugal"
10.4,0.28,0.54,2.7,0.105,5,19,0.9988,3.25,0.63,9.5,5,"France"
10.8,0.26,0.45,3.3,0.06,20,49,0.9972,3.13,0.54,9.6,5,"Spain"
6.9,0.24,0.4,15.4,0.052,81,198,0.9986,3.2,0.69,9.4,5,"Portugal"
6.5,0.63,0.33,1.8,0.059,16,28,0.99531,3.36,0.64,10.1,6,"Spain"
7.8,0.58,0.02,2,0.073,9,18,0.9968,3.36,0.57,9.5,7,"Spain"
9.4,0.24,0.33,2.3,0.061,52,73,0.99786,3.47,0.9,10.2,6,"France"
6.9,0.28,0.37,9.1,0.037,16,76,0.9948,3.05,0.54,11.1,5,"Italy"
6.7,0.45,0.3,5.3,0.036,27,165,0.99122,3.12,0.46,12.2,6,"Portugal"
6.6,0.815,0.02,2.7,0.072,17,34,0.9955,3.58,0.89,12.3,7,"France"
11.8,0.38,0.55,2.1,0.071,5,19,0.9986,3.11,0.62,10.8,6,"France"
8.9,0.33,0.32,1.5,0.047,11,200,0.9954,3.19,0.46,9.4,5,"Portugal"
7.1,0.75,0.01,2.2,0.059,11,18,0.99242,3.39,0.4,12.8,6,"France"
6.4,0.35,0.35,5.6,0.034,9,148,0.99441,3.17,0.5,9.8,4,"Portugal"
6.8,0.19,0.71,17.5,0.042,21,114,0.99784,2.85,0.5,9.5,6,"Italy"
6.8,0.28,0.39,1.4,0.036,15,115,0.9918,3.27,0.72,11.7,5,"Italy"
6.2,0.22,0.2,20.8,0.035,58,184,1.00022,3.11,0.53,9,6,"Italy"
7.7,0.3,0.34,1.2,0.048,4,119,0.99084,3.18,0.34,12.1,6,"Portugal"
6,0.18,0.27,1.5,0.089,40,143,0.9923,3.49,0.62,10.8,6,"Portugal"
7.1,0.12,0.32,9.6,0.054,64,162,0.9962,3.4,0.41,9.4,5,"Portugal"
6.5,0.13,0.27,2.6,0.035,32,76,0.9914,3.21,0.76,11.3333333333333,6,"Italy"
7.8,0.28,0.31,2.1,0.046,28,208,0.99434,3.23,0.64,9.8,5,"Italy"
9.2,0.34,0.27,1.2,0.026,17,73,0.9921,3.08,0.39,10.8,5,"Portugal"
6.3,0.29,0.28,4.7,0.059,28,81,0.99036,3.24,0.56,12.7,8,"Portugal"
7.2,0.585,0.2,10.4,0.086,17,94,0.99681,3.13,0.4,9.4,5,"Italy"
8.9,0.745,0.18,2.5,0.077,15,48,0.99739,3.2,0.47,9.7,6,"France"
7.5,0.3,0.71,1.3,0.16,44,149,0.9948,3.08,0.42,8.9,5,"Italy"
6.6,0.33,0.41,2,0.027,14,79,0.99063,3.27,0.63,12.4,6,"Italy"
6.3,0.35,0.3,5.7,0.035,8,97,0.9927,3.27,0.41,11,7,"Italy"
7.1,0.26,0.32,14.45,0.074,29,107,0.998,2.96,0.42,9.2,6,"Italy"
6.6,0.52,0.04,2.2,0.069,8,15,0.9956,3.4,0.63,9.4,6,"Spain"
6.6,0.3,0.24,1.2,0.034,17,121,0.9933,3.13,0.36,9.2,5,"Portugal"
6.7,0.3,0.29,2.8,0.025,37,107,0.99159,3.31,0.63,11.3,7,"Italy"
5.9,0.435,0.16,6.4,0.031,21,134,0.99151,3.24,0.46,12.2,6,"Italy"
6.2,0.2,0.33,5.4,0.028,21,75,0.99012,3.36,0.41,13.5,7,"Portugal"
6.8,0.68,0.09,3.9,0.068,15,29,0.99524,3.41,0.52,11.1,4,"France"
7,0.15,0.34,1.4,0.039,21,177,0.9927,3.32,0.62,10.8,5,"Italy"
10,0.32,0.59,2.2,0.077,3,15,0.9994,3.2,0.78,9.6,5,"France"
9.8,0.34,0.39,1.4,0.066,3,7,0.9947,3.19,0.55,11.4,7,"France"
7.4,0.4,0.29,5.4,0.044,31,122,0.994,3.3,0.5,11.1,8,"Italy"
6.7,0.28,0.28,2.4,0.012,36,100,0.99064,3.26,0.39,11.7,7,"Spain"
6.9,0.51,0.23,2,0.072,13,22,0.99438,3.4,0.84,11.2,6,"France"
6.6,0.5,0.01,1.5,0.06,17,26,0.9952,3.4,0.58,9.8,6,"Spain"
7.3,0.835,0.03,2.1,0.092,10,19,0.9966,3.39,0.47,9.6,5,"Spain"
8.3,0.54,0.24,3.4,0.076,16,112,0.9976,3.27,0.61,9.4,5,"Spain"
6.6,0.34,0.18,6.4,0.082,47,240,0.9971,3.42,0.48,9.2,5,"Italy"
6.4,0.17,0.3,2.8,0.034,33,125,0.99152,3.03,0.49,10.4,6,"Portugal"
5.4,0.74,0,1.2,0.041,16,46,0.99258,4.01,0.59,12.5,6,"France"
6.6,0.34,0.25,4.8,0.038,16,121,0.99198,3.36,0.71,12.6,6,"Portugal"
7.8,0.53,0.04,1.7,0.076,17,31,0.9964,3.33,0.56,10,6,"France"
6.7,0.25,0.26,13.5,0.06,50,156,0.99784,3.39,0.46,9.9,6,"Italy"
5.9,0.395,0.13,2.4,0.056,14,28,0.99362,3.62,0.67,12.4,6,"Spain"
5.8,0.3,0.23,1.5,0.034,37,121,0.98871,2.96,0.34,12.1,6,"Italy"
10.4,0.575,0.61,2.6,0.076,11,24,1,3.16,0.69,9,5,"France"
6.8,0.24,0.49,19.3,0.057,55,247,1.00055,3,0.56,8.7,5,"Portugal"
7.2,0.24,0.3,1.2,0.037,11,95,0.98914,2.96,0.36,12.5,6,"Italy"
7,0.43,0.02,1.9,0.08,15,28,0.99492,3.35,0.81,10.6,6,"France"
7,0.21,0.42,5.3,0.037,36,123,0.99321,3.14,0.52,10.9,6,"Italy"
11.9,0.39,0.69,2.8,0.095,17,35,0.9994,3.1,0.61,10.8,6,"France"
7.8,0.29,0.36,7,0.042,38,161,0.9941,3.26,0.37,11.2,8,"Portugal"
9.1,0.4,0.57,4.6,0.08,6,20,0.99652,3.28,0.57,12.5,6,"Spain"
7.2,0.08,0.49,1.3,0.05,18,148,0.9945,3.46,0.44,10.2,6,"Italy"
7.3,0.51,0.29,11.3,0.034,61,224,0.99683,3.14,0.56,9.5,6,"Portugal"
8.7,0.15,0.3,1.6,0.046,29,130,0.9942,3.22,0.38,9.8,6,"Italy"
6.4,0.79,0.04,2.2,0.061,11,17,0.99588,3.53,0.65,10.4,6,"France"
5.8,0.2,0.3,1.5,0.031,21,57,0.99115,3.44,0.55,11,6,"Portugal"
8.4,0.36,0.32,2.2,0.081,32,79,0.9964,3.3,0.72,11,6,"Spain"
5.1,0.47,0.02,1.3,0.034,18,44,0.9921,3.9,0.62,12.8,6,"Spain"
5.7,0.22,0.22,16.65,0.044,39,110,0.99855,3.24,0.48,9,6,"Portugal"
5.6,0.21,0.24,4.4,0.027,37,150,0.991,3.3,0.31,11.5,7,"Italy"
8.8,0.3,0.38,2.3,0.06,19,72,0.99543,3.39,0.72,11.8,6,"France"
5.9,0.29,0.16,7.9,0.044,48,197,0.99512,3.21,0.36,9.4,5,"Portugal"
11.1,0.31,0.49,2.7,0.094,16,47,0.9986,3.12,1.02,10.6,7,"France"
7.9,0.16,0.74,17.85,0.037,52,187,0.9998,2.99,0.41,9.3,5,"Italy"
9.6,0.6,0.5,2.3,0.079,28,71,0.9997,3.5,0.57,9.7,5,"France"
6.6,0.16,0.32,1.4,0.035,49,186,0.9906,3.35,0.64,12.4,8,"Portugal"
9.1,0.775,0.22,2.2,0.079,12,48,0.9976,3.18,0.51,9.6,5,"France"
7.2,0.37,0.32,2,0.062,15,28,0.9947,3.23,0.73,11.3,7,"Spain"
7.1,0.37,0.3,6.2,0.04,49,139,0.99021,3.17,0.27,13.6,6,"Italy"
9.3,0.36,0.39,1.5,0.08,41,55,0.99652,3.47,0.73,10.9,6,"Spain"
6,0.28,0.34,1.6,0.119,33,104,0.9921,3.19,0.38,10.2,6,"Portugal"
8.5,0.47,0.27,1.9,0.058,18,38,0.99518,3.16,0.85,11.1,6,"Spain"
6.7,0.25,0.13,1.2,0.041,81,174,0.992,3.14,0.42,9.8,5,"Italy"
10.7,0.22,0.56,8.2,0.044,37,181,0.998,2.87,0.68,9.5,6,"Portugal"
11.5,0.45,0.5,3,0.078,19,47,1.0003,3.26,1.11,11,6,"Spain"
7.2,0.34,0.24,2,0.071,30,52,0.99576,3.44,0.58,10.1,5,"France"
10.2,0.54,0.37,15.4,0.214,55,95,1.00369,3.18,0.77,9,6,"Spain"
5.8,0.3,0.27,1.7,0.014,45,104,0.98914,3.4,0.56,12.6,7,"Portugal"
7.2,0.36,0.46,2.1,0.074,24,44,0.99534,3.4,0.85,11,7,"Spain"
8.6,0.52,0.38,1.5,0.096,5,18,0.99666,3.2,0.52,9.4,5,"France"
7.3,0.73,0.24,1.9,0.108,18,102,0.9967,3.26,0.59,9.3,5,"France"
7.8,0.57,0.31,1.8,0.069,26,120,0.99625,3.29,0.53,9.3,5,"France"
7.3,0.24,0.3,2.5,0.042,31,104,0.9911,3.05,0.56,11.3,7,"Portugal"
8.9,0.48,0.24,2.85,0.094,35,106,0.9982,3.1,0.53,9.2,5,"Spain"
6.9,0.55,0.15,2.2,0.076,19,40,0.9961,3.41,0.59,10.1,5,"Spain"
6.8,0.56,0.22,1.8,0.074,15,24,0.99438,3.4,0.82,11.2,6,"France"
6.2,0.27,0.26,12.1,0.046,43,127,0.9951,3.16,0.37,10.8,6,"Portugal"
10.3,0.27,0.24,2.1,0.072,15,33,0.9956,3.22,0.66,12.8,6,"France"
7.7,0.63,0.08,1.9,0.076,15,27,0.9967,3.32,0.54,9.5,6,"France"
6.2,0.45,0.2,1.6,0.069,3,15,0.9958,3.41,0.56,9.2,5,"France"
6.2,0.28,0.27,10.3,0.03,26,108,0.99388,3.2,0.36,10.7,6,"Italy"
9.9,0.59,0.07,3.4,0.102,32,71,1.00015,3.31,0.71,9.8,5,"France"
7.9,0.14,0.45,1.8,0.05,17,114,0.9948,3.33,0.49,10.7,7,"Portugal"
5,0.4,0.5,4.3,0.046,29,80,0.9902,3.49,0.66,13.6,6,"France"
7.6,0.33,0.41,13.7,0.045,44,197,0.9989,3.18,0.64,9.1,5,"Italy"
5.6,0.32,0.32,8.3,0.043,32,105,0.99266,3.24,0.47,11.2,6,"Portugal"
6.3,0.13,0.42,1.1,0.043,63,146,0.99066,3.13,0.72,11.2,7,"Italy"
7,0.17,0.74,12.8,0.045,24,126,0.9942,3.26,0.38,12.2,8,"Portugal"
